ID_EVENTO,ID_PROD,FECHA_MONITOREO,TIPO_PLAGA,INCIDENCIA_PLAGA,TIPO_ENFERMEDAD,INCIDENCIA_ENFERMEDAD,TIPO_MALEZA,INCIDENCIA_MALEZA
16,34,10/4/2013,SI,NULL,SI,NULL,SI,NULL
21,38,2/21/2013,SI,NULL,SI,NULL,SI,NULL
23,39,3/11/2013,SI,NULL,SI,NULL,SI,NULL
24,40,2/26/2013,SI,10,NO,NULL,NO,NULL
26,42,2/27/2013,SI,10,SI,3,SI,20
27,43,3/20/2013,SI,10,NO,NULL,SI,20
28,45,3/3/2013,SI,10,NO,NULL,SI,15
31,47,3/21/2013,SI,10,NO,NULL,SI,10
32,48,4/15/2013,SI,10,SI,2,SI,5
40,50,3/19/2013,NO,NULL,NO,NULL,SI,5
41,51,2/11/2013,SI,15,NO,NULL,SI,10
43,52,10/19/2013,SI,10,NO,NULL,SI,5
44,54,4/25/2013,SI,3,SI,2,SI,5
46,55,4/1/2013,NO,NULL,SI,2,SI,10
53,13,5/18/2013,SI,NULL,SI,NULL,SI,NULL
54,14,7/15/2013,NO,NULL,NO,NULL,SI,27
54,14,5/8/2013,SI,24,NO,NULL,SI,35
54,14,5/17/2013,SI,30,NO,NULL,SI,40
56,15,5/17/2013,SI,45,SI,0,SI,56
57,16,7/10/2013,SI,NULL,SI,NULL,SI,NULL
57,16,5/14/2013,SI,NULL,SI,NULL,SI,NULL
62,75,4/6/2013,SI,NULL,NO,NULL,SI,NULL
143,156,7/10/2013,NO,NULL,SI,NULL,NO,NULL
143,156,5/1/2013,NO,NULL,NO,NULL,SI,NULL
211,234,3/24/2013,NO,NULL,NO,NULL,SI,NULL
216,237,4/20/2013,SI,NULL,NO,NULL,SI,NULL
216,237,5/9/2013,NO,NULL,NO,NULL,SI,NULL
216,237,4/8/2013,SI,NULL,NO,NULL,SI,NULL
216,237,5/23/2013,NO,NULL,SI,NULL,SI,NULL
216,237,5/16/2013,NO,NULL,NO,NULL,SI,NULL
221,242,6/28/2013,NO,NULL,SI,NULL,SI,NULL
221,242,5/20/2013,NO,NULL,NO,NULL,SI,NULL
250,190,4/25/2013,NO,NULL,NO,NULL,SI,NULL
255,184,4/1/2013,SI,NULL,NO,NULL,SI,NULL
256,183,4/5/2013,SI,NULL,NO,NULL,SI,NULL
258,78,5/17/2013,SI,NULL,NO,NULL,SI,NULL
259,180,3/22/2013,NO,NULL,NO,NULL,SI,NULL
259,180,3/8/2013,SI,NULL,NO,NULL,NO,NULL
260,182,5/4/2013,SI,NULL,NO,NULL,SI,NULL
261,93,5/6/2013,NO,NULL,NO,NULL,SI,NULL
262,90,4/20/2013,SI,NULL,NO,NULL,NO,NULL
263,181,4/10/2013,SI,NULL,NO,NULL,SI,NULL
265,157,3/30/2013,SI,NULL,NO,NULL,SI,NULL
266,179,4/20/2013,SI,NULL,NO,NULL,SI,NULL
268,91,4/15/2013,SI,NULL,NO,NULL,SI,NULL
269,92,4/20/2013,SI,NULL,NO,NULL,SI,NULL
272,189,4/15/2013,SI,NULL,NO,NULL,SI,NULL
273,17,5/20/2013,SI,NULL,SI,NULL,SI,NULL
276,94,4/13/2013,SI,NULL,NO,NULL,SI,NULL
276,94,4/13/2013,SI,NULL,NO,NULL,SI,NULL
277,185,4/27/2013,NO,NULL,NO,NULL,SI,NULL
278,87,4/27/2013,SI,NULL,NO,NULL,SI,NULL
280,88,4/19/2013,NO,NULL,NO,NULL,SI,NULL
281,89,4/24/2013,SI,NULL,NO,NULL,SI,NULL
282,18,6/29/2013,SI,28,NO,NULL,SI,35
282,18,5/14/2013,SI,14,NO,NULL,SI,20
283,22,6/5/2013,SI,NULL,SI,NULL,SI,NULL
283,22,5/7/2013,SI,NULL,SI,NULL,SI,NULL
284,266,6/15/2013,SI,NULL,SI,NULL,SI,NULL
284,266,5/14/2013,SI,NULL,SI,NULL,SI,NULL
286,267,6/15/2013,SI,32,NO,NULL,SI,26
286,267,5/29/2013,SI,19,NO,NULL,SI,27
287,268,6/3/2013,SI,NULL,SI,NULL,SI,NULL
288,269,6/28/2013,SI,34,NO,NULL,SI,10
289,271,6/5/2013,SI,NULL,SI,NULL,SI,NULL
289,271,5/10/2013,SI,NULL,SI,NULL,SI,NULL
290,272,6/20/2013,SI,27,NO,NULL,SI,30
290,272,5/15/2013,SI,10,NO,NULL,SI,18
291,273,6/29/2013,SI,NULL,SI,NULL,SI,NULL
291,273,5/25/2013,SI,NULL,SI,NULL,SI,NULL
292,274,6/29/2013,SI,NULL,SI,NULL,SI,NULL
292,274,5/8/2013,SI,NULL,SI,NULL,SI,NULL
293,275,6/22/2013,SI,NULL,SI,NULL,SI,NULL
293,275,5/28/2013,SI,NULL,SI,NULL,SI,NULL
294,276,5/31/2013,SI,25,SI,15,SI,10
294,276,6/20/2013,SI,16,NO,NULL,SI,28
295,277,6/15/2013,SI,40,NO,NULL,SI,35
301,33,4/10/2013,SI,8,SI,2,SI,30
303,35,3/13/2013,SI,8,NO,NULL,SI,25
358,231,3/13/2013,NO,NULL,NO,NULL,SI,NULL
358,231,6/15/2013,NO,NULL,NO,NULL,SI,NULL
359,233,3/19/2013,NO,NULL,NO,NULL,SI,NULL
359,233,3/13/2013,NO,NULL,NO,NULL,SI,NULL
386,356,3/18/2013,NO,NULL,NO,NULL,SI,NULL
393,49,5/3/2013,SI,10,NO,NULL,NO,NULL
394,37,2/10/2013,NO,NULL,SI,2,SI,20
418,394,9/28/2013,NO,NULL,NO,NULL,SI,NULL
427,447,10/10/2013,NO,NULL,NO,NULL,SI,8
427,447,10/22/2013,NO,NULL,SI,8,NO,NULL
427,447,9/17/2013,SI,8,NO,NULL,NO,NULL
433,453,9/10/2013,SI,8,NO,NULL,NO,NULL
433,453,9/6/2013,SI,8,SI,8,SI,8
433,453,10/20/2013,NO,NULL,NO,NULL,SI,8
433,453,10/20/2013,NO,NULL,SI,8,NO,NULL
468,391,10/21/2013,SI,NULL,NO,NULL,SI,NULL
510,388,10/10/2013,SI,NULL,NO,NULL,SI,NULL
511,387,10/14/2013,SI,NULL,NO,NULL,SI,NULL
536,504,10/25/2013,SI,NULL,SI,NULL,SI,NULL
536,504,10/16/2013,SI,NULL,SI,NULL,SI,NULL
537,505,10/26/2013,SI,20,SI,6,SI,30
539,503,10/21/2013,SI,NULL,SI,NULL,SI,NULL
540,509,10/17/2013,SI,28,NO,NULL,SI,20
541,510,10/4/2013,SI,NULL,NO,NULL,SI,NULL
542,511,11/4/2013,SI,NULL,NO,NULL,SI,NULL
543,512,10/15/2013,SI,NULL,NO,NULL,SI,NULL
548,527,10/25/2013,SI,NULL,NO,NULL,SI,NULL
549,528,9/20/2013,SI,20,NO,NULL,SI,18
559,530,10/21/2013,NO,NULL,SI,15,SI,27
560,531,9/30/2013,SI,NULL,SI,NULL,SI,NULL
562,532,10/5/2013,NO,NULL,SI,2,NO,NULL
562,532,8/23/2013,SI,10,NO,NULL,NO,NULL
562,532,9/5/2013,NO,NULL,NO,NULL,SI,20
562,532,9/10/2013,NO,NULL,NO,NULL,SI,NULL
608,534,9/10/2013,SI,NULL,NO,NULL,NO,NULL
609,533,3/16/2014,SI,NULL,NO,NULL,SI,NULL
609,533,1/20/2014,SI,NULL,NO,NULL,SI,NULL
610,534,10/8/2013,SI,NULL,NO,NULL,NO,NULL
611,536,11/12/2013,SI,NULL,NO,NULL,NO,NULL
615,539,11/11/2013,SI,NULL,SI,NULL,SI,NULL
617,541,10/29/2013,SI,NULL,SI,NULL,SI,NULL
618,542,10/25/2013,SI,NULL,SI,NULL,SI,NULL
622,449,9/10/2013,NO,NULL,NO,NULL,SI,8
622,449,10/21/2013,NO,NULL,SI,8,NO,NULL
622,449,9/16/2013,NO,NULL,SI,8,NO,NULL
622,449,8/17/2013,SI,8,NO,NULL,NO,NULL
623,454,9/30/2013,SI,5,NO,NULL,NO,NULL
623,454,9/15/2013,SI,10,NO,NULL,NO,NULL
623,454,10/10/2013,NO,NULL,SI,2,NO,NULL
623,454,10/10/2013,NO,NULL,NO,NULL,SI,15
624,452,9/10/2013,NO,NULL,NO,NULL,SI,20
624,452,10/5/2013,NO,NULL,SI,3,NO,NULL
624,452,9/15/2013,SI,8,NO,NULL,NO,NULL
624,452,8/28/2013,SI,10,NO,NULL,NO,NULL
625,451,10/23/2013,NO,NULL,SI,8,NO,NULL
625,451,10/15/2013,NO,NULL,NO,NULL,SI,8
625,451,10/10/2013,SI,8,NO,NULL,NO,NULL
625,451,9/18/2013,SI,8,NO,NULL,NO,NULL
626,450,9/10/2013,NO,NULL,NO,NULL,SI,8
626,450,10/5/2013,NO,NULL,SI,8,NO,NULL
626,450,9/5/2013,SI,8,NO,NULL,NO,NULL
629,549,11/15/2013,NO,NULL,NO,NULL,SI,30
629,549,11/5/2013,NO,NULL,SI,2,NO,NULL
629,549,11/3/2013,SI,6,NO,NULL,NO,NULL
631,547,9/25/2013,NO,NULL,NO,NULL,SI,15
631,547,10/6/2013,NO,NULL,SI,2,NO,NULL
631,547,9/2/2013,SI,5,NO,NULL,NO,NULL
633,551,10/25/2013,NO,NULL,SI,8,NO,NULL
633,551,9/15/2013,SI,8,NO,NULL,NO,NULL
633,551,10/13/2013,NO,NULL,NO,NULL,SI,8
635,552,8/27/2013,NO,NULL,NO,NULL,SI,20
635,552,9/20/2013,NO,NULL,SI,2,NO,NULL
635,552,8/18/2013,SI,10,NO,NULL,NO,NULL
645,554,9/15/2013,NO,NULL,NO,NULL,SI,8
645,554,9/25/2013,NO,NULL,SI,8,NO,NULL
645,554,10/21/2013,SI,8,NO,NULL,NO,NULL
656,622,5/18/2014,NO,NULL,SI,NULL,SI,NULL
656,622,4/22/2014,SI,NULL,SI,NULL,SI,NULL
668,598,3/28/2014,SI,NULL,NO,NULL,SI,NULL
671,604,3/21/2014,SI,NULL,NO,NULL,NO,NULL
672,606,5/20/2014,SI,NULL,NO,NULL,NO,NULL
673,602,6/17/2014,SI,NULL,NO,NULL,NO,NULL
675,600,5/3/2014,SI,NULL,NO,NULL,NO,NULL
676,607,3/29/2014,SI,NULL,NO,NULL,NO,NULL
678,603,5/13/2014,SI,NULL,NO,NULL,NO,NULL
678,603,5/2/2014,SI,NULL,NO,NULL,NO,NULL
678,603,4/24/2014,NO,NULL,NO,NULL,SI,NULL
678,603,6/14/2014,NO,NULL,SI,NULL,NO,NULL
681,538,10/14/2013,NO,NULL,SI,NULL,NO,NULL
681,538,9/5/2013,SI,NULL,NO,NULL,NO,NULL
697,688,4/22/2014,SI,NULL,NO,NULL,NO,NULL
701,599,6/2/2014,SI,NULL,NO,NULL,NO,NULL
702,601,4/2/2014,SI,NULL,NO,NULL,NO,NULL
719,692,4/1/2014,SI,NULL,SI,NULL,SI,NULL
723,673,4/1/2014,SI,10,NO,NULL,NO,NULL
724,672,3/19/2014,SI,12,NO,NULL,NO,NULL
725,673,4/3/2014,SI,10,NO,NULL,NO,NULL
765,727,5/22/2014,NO,NULL,NO,NULL,SI,15
765,727,4/22/2014,SI,20,NO,NULL,NO,NULL
766,728,6/24/2014,SI,30,SI,20,SI,50
767,730,10/9/2013,SI,5,SI,1,SI,5
772,736,4/5/2014,NO,NULL,SI,4,SI,10
772,736,3/4/2014,SI,20,NO,NULL,NO,NULL
774,738,3/28/2014,SI,10,SI,2,SI,10
775,739,3/15/2014,SI,10,SI,2,SI,20
776,740,4/10/2014,SI,10,SI,2,SI,20
777,741,3/17/2014,SI,8,SI,2,SI,30
781,745,6/29/2014,SI,25,NO,NULL,SI,38
783,747,6/15/2014,SI,35,NO,NULL,SI,28
784,748,6/25/2014,SI,25,NO,NULL,SI,37
785,749,7/2/2014,SI,32,NO,NULL,SI,38
787,731,6/20/2014,SI,25,NO,NULL,SI,32
788,746,6/30/2014,SI,25,NO,NULL,SI,18
789,751,12/26/2013,NO,NULL,NO,NULL,SI,38
791,425,12/9/2013,SI,30,NO,NULL,SI,25
797,417,10/15/2013,SI,27,NO,NULL,SI,30
800,758,5/31/2014,SI,10,SI,2,SI,30
802,759,9/10/2013,SI,8,SI,2,SI,30
804,418,11/1/2013,SI,37,NO,NULL,SI,25
805,413,9/3/2013,SI,30,NO,NULL,SI,25
806,419,10/23/2013,SI,20,NO,NULL,SI,30
809,820,10/18/2013,NO,NULL,NO,NULL,SI,20
809,820,10/28/2013,NO,NULL,SI,2,NO,NULL
809,820,10/1/2013,SI,10,NO,NULL,NO,NULL
810,821,10/10/2013,SI,8,SI,2,SI,20
813,824,6/18/2014,SI,31,NO,NULL,SI,27
814,825,6/26/2014,SI,18,NO,NULL,SI,29
816,827,4/23/2014,SI,20,NO,NULL,SI,28
817,828,6/19/2014,SI,30,NO,NULL,SI,27
818,829,6/20/2014,SI,30,NO,NULL,SI,35
820,831,6/19/2014,SI,27,NO,NULL,SI,30
821,832,6/6/2014,SI,25,NO,NULL,SI,28
823,834,6/11/2014,SI,28,NO,NULL,SI,35
824,835,6/11/2014,SI,26,NO,NULL,SI,32
826,837,6/9/2014,SI,24,NO,NULL,SI,28
827,838,6/4/2014,SI,18,NO,NULL,SI,24
829,840,6/20/2014,SI,28,NO,NULL,SI,30
830,841,6/7/2014,SI,34,NO,NULL,SI,27
835,846,5/28/2014,SI,25,NO,NULL,SI,28
837,848,3/17/2014,SI,10,SI,2,SI,20
838,849,6/16/2014,SI,23,NO,NULL,SI,35
840,850,6/19/2014,SI,30,NO,NULL,SI,27
855,862,7/9/2014,SI,8,SI,2,SI,15
871,870,3/20/2014,NO,NULL,SI,2,NO,NULL
871,870,2/27/2014,SI,8,NO,NULL,SI,20
873,873,2/28/2014,SI,10,SI,2,SI,30
876,874,3/18/2014,SI,8,SI,3,SI,15
881,875,9/18/2014,SI,8,SI,2,NO,NULL
883,871,3/27/2014,NO,NULL,SI,2,NO,NULL
883,871,2/28/2014,SI,8,NO,NULL,SI,20
884,872,2/28/2014,SI,8,SI,2,SI,20
885,448,10/2/2013,SI,10,SI,2,SI,20
886,733,3/20/2014,SI,8,SI,1,SI,10
888,878,4/21/2014,NO,NULL,SI,2,NO,NULL
888,878,3/20/2014,SI,8,NO,NULL,SI,15
891,877,3/13/2014,SI,8,NO,NULL,SI,15
891,877,3/24/2014,NO,NULL,SI,2,NO,NULL
955,156,7/22/2014,NO,NULL,SI,60,NO,NULL
955,156,5/14/2014,SI,50,SI,10,SI,15
1009,635,6/23/2014,NO,NULL,NO,NULL,SI,30
1014,948,5/21/2014,SI,5,NO,NULL,SI,10
1185,1106,12/23/2014,NO,NULL,SI,2,NO,NULL
1186,1107,12/12/2014,NO,NULL,SI,2,NO,NULL
1186,1107,10/29/2014,SI,8,NO,NULL,NO,NULL
1214,1073,6/11/2015,SI,30,NO,NULL,NO,NULL
1653,506,10/29/2013,SI,40,NO,NULL,NO,NULL
1653,506,10/18/2013,SI,40,NO,NULL,NO,NULL
1653,506,10/8/2013,SI,40,NO,NULL,NO,NULL
1653,506,10/18/2013,NO,NULL,NO,NULL,SI,30
1653,506,9/26/2013,NO,NULL,NO,NULL,SI,20
1654,720,10/30/2013,SI,30,NO,NULL,NO,NULL
1654,720,10/20/2013,NO,NULL,NO,NULL,SI,40
1655,720,10/16/2013,NO,NULL,NO,NULL,SI,40
1655,720,9/21/2013,NO,NULL,NO,NULL,SI,30
1655,720,10/23/2013,SI,40,NO,NULL,NO,NULL
1655,720,10/13/2013,SI,50,NO,NULL,NO,NULL
1655,720,10/6/2013,SI,40,NO,NULL,NO,NULL
1656,899,10/8/2014,SI,40,NO,NULL,NO,NULL
1656,899,10/13/2014,NO,NULL,NO,NULL,SI,50
1657,514,10/26/2013,SI,40,NO,NULL,NO,NULL
1657,514,10/11/2013,SI,30,NO,NULL,NO,NULL
1657,514,12/1/2013,NO,NULL,NO,NULL,SI,40
1657,514,10/22/2013,NO,NULL,NO,NULL,SI,40
1658,516,10/31/2013,NO,NULL,NO,NULL,SI,60
1658,516,10/12/2013,NO,NULL,NO,NULL,SI,50
1658,516,10/11/2013,SI,40,NO,NULL,NO,NULL
1658,516,10/9/2013,SI,40,NO,NULL,NO,NULL
1659,518,10/11/2013,SI,40,NO,NULL,NO,NULL
1659,518,10/1/2013,SI,50,NO,NULL,NO,NULL
1659,518,10/31/2013,NO,NULL,NO,NULL,SI,30
1659,518,10/11/2013,NO,NULL,NO,NULL,SI,40
1660,518,10/28/2013,SI,50,NO,NULL,NO,40
1661,962,10/8/2013,SI,60,NO,NULL,NO,NULL
1661,962,10/13/2013,NO,NULL,NO,NULL,SI,50
1662,520,10/23/2013,NO,NULL,NO,NULL,SI,50
1662,520,10/23/2013,NO,NULL,NO,NULL,SI,40
1662,520,11/9/2013,SI,40,NO,NULL,NO,NULL
1663,520,10/14/2013,SI,30,NO,NULL,NO,NULL
1663,520,11/24/2013,NO,NULL,NO,NULL,SI,40
1663,520,10/19/2013,NO,NULL,NO,NULL,SI,30
1664,521,10/22/2013,SI,30,NO,NULL,NO,NULL
1664,521,11/2/2013,SI,40,NO,NULL,NO,NULL
1664,521,11/29/2013,NO,NULL,NO,NULL,SI,40
1664,521,10/23/2013,NO,NULL,NO,NULL,SI,30
1665,522,9/27/2013,SI,30,NO,NULL,NO,NULL
1665,522,10/9/2013,NO,NULL,NO,NULL,SI,60
1666,523,10/13/2013,SI,30,NO,NULL,NO,NULL
1666,523,10/3/2013,SI,30,NO,NULL,NO,NULL
1666,523,9/21/2013,NO,NULL,NO,NULL,SI,10
1668,524,10/27/2013,SI,30,NO,NULL,NO,NULL
1668,524,10/3/2013,NO,NULL,NO,NULL,SI,30
1668,524,10/14/2013,NO,NULL,NO,NULL,SI,30
1669,525,11/9/2013,NO,NULL,NO,NULL,SI,40
1669,525,10/19/2013,NO,NULL,NO,NULL,SI,50
1670,526,10/8/2013,SI,40,NO,NULL,NO,NULL
1670,526,10/23/2013,NO,NULL,NO,NULL,SI,30
1670,526,10/13/2013,NO,NULL,NO,NULL,SI,40
1670,526,10/27/2013,SI,40,NO,NULL,NO,NULL
1671,521,10/3/2013,SI,30,NO,NULL,NO,NULL
1671,521,11/7/2013,NO,NULL,NO,NULL,SI,30
1671,521,10/13/2013,NO,NULL,NO,NULL,SI,40
1672,502,1/9/2014,NO,NULL,NO,NULL,SI,50
1672,502,11/20/2013,NO,NULL,NO,NULL,SI,20
1673,508,11/10/2013,NO,NULL,NO,NULL,SI,30
1673,508,10/14/2013,NO,NULL,NO,NULL,SI,20
1675,200,5/15/2013,NO,NULL,NO,NULL,SI,50
1675,200,5/15/2013,SI,50,NO,NULL,NO,NULL
1675,200,6/3/2013,NO,NULL,NO,NULL,SI,40
1676,205,5/29/2013,NO,NULL,NO,NULL,SI,40
1677,206,5/28/2013,NO,NULL,NO,NULL,SI,40
1678,207,5/13/2013,NO,NULL,NO,NULL,SI,40
1678,207,4/3/2013,SI,40,NO,NULL,SI,40
1679,958,4/7/2013,NO,NULL,NO,NULL,SI,40
1679,958,3/7/2013,NO,NULL,NO,NULL,SI,30
1680,209,6/6/2013,NO,NULL,NO,NULL,SI,50
1680,209,4/25/2013,NO,NULL,NO,NULL,SI,50
1681,210,6/19/2013,NO,NULL,NO,NULL,SI,60
1681,210,4/19/2013,NO,NULL,NO,NULL,SI,50
1682,211,7/9/2013,NO,NULL,NO,NULL,SI,50
1682,211,5/8/2013,NO,NULL,NO,NULL,SI,50
1683,212,6/20/2013,NO,NULL,NO,NULL,SI,40
1683,212,5/21/2013,NO,NULL,NO,NULL,SI,30
1684,213,6/3/2013,NO,NULL,NO,NULL,SI,30
1684,213,4/28/2013,NO,NULL,NO,NULL,SI,30
1685,214,5/3/2013,NO,NULL,NO,NULL,SI,30
1686,215,5/14/2013,NO,NULL,NO,NULL,SI,30
1686,215,4/18/2013,NO,NULL,NO,NULL,SI,40
1686,215,5/3/2013,SI,40,NO,NULL,NO,NULL
1687,216,4/21/2013,SI,40,NO,NULL,NO,NULL
1688,217,6/20/2013,NO,NULL,NO,NULL,SI,30
1688,217,5/10/2013,NO,NULL,NO,NULL,SI,40
1689,218,7/19/2013,NO,NULL,NO,NULL,SI,30
1690,219,5/19/2013,NO,NULL,NO,NULL,SI,40
1691,222,7/19/2013,NO,NULL,NO,NULL,SI,40
1691,222,6/13/2013,NO,NULL,NO,NULL,SI,40
1692,220,7/19/2013,NO,NULL,NO,NULL,SI,50
1692,220,6/17/2013,NO,NULL,NO,NULL,SI,40
1693,221,6/18/2013,NO,NULL,NO,NULL,SI,40
1693,221,7/12/2013,NO,NULL,NO,NULL,SI,50
1694,223,7/3/2013,NO,NULL,NO,NULL,SI,40
1694,223,6/3/2013,NO,NULL,NO,NULL,SI,20
1695,964,3/20/2014,SI,40,NO,NULL,NO,NULL
1695,964,5/8/2014,NO,NULL,NO,NULL,SI,40
1695,964,3/27/2014,NO,NULL,NO,NULL,SI,50
1696,982,3/27/2014,SI,30,NO,NULL,NO,NULL
1696,982,5/6/2014,NO,NULL,NO,NULL,SI,30
1696,982,4/6/2014,NO,NULL,NO,NULL,SI,30
1697,973,3/23/2014,NO,NULL,NO,NULL,SI,30
1697,973,3/9/2014,SI,50,NO,NULL,NO,NULL
1697,973,5/9/2014,NO,NULL,NO,NULL,SI,30
1698,967,3/23/2014,SI,40,NO,NULL,NO,NULL
1698,967,3/3/2014,SI,50,NO,NULL,NO,NULL
1698,967,6/23/2014,NO,NULL,NO,NULL,SI,40
1698,967,4/23/2014,NO,NULL,NO,NULL,SI,40
1699,980,6/28/2013,SI,50,NO,NULL,NO,NULL
1699,980,7/3/2013,NO,NULL,NO,NULL,SI,40
1699,980,6/3/2013,SI,40,NO,NULL,SI,50
1700,970,6/15/2013,SI,45,NO,NULL,NO,NULL
1700,970,6/5/2013,NO,NULL,NO,NULL,SI,50
1701,971,3/23/2013,SI,40,NO,NULL,NO,NULL
1701,971,3/12/2013,SI,30,NO,NULL,NO,NULL
1701,971,3/28/2013,NO,NULL,NO,NULL,SI,40
1701,971,3/5/2013,NO,NULL,NO,NULL,SI,30
1702,972,4/24/2013,SI,40,NO,NULL,NO,NULL
1702,972,4/11/2013,SI,40,NO,NULL,NO,NULL
1702,972,6/9/2013,NO,NULL,NO,NULL,SI,50
1702,972,4/9/2013,NO,NULL,NO,NULL,SI,30
1703,974,4/16/2013,NO,NULL,NO,NULL,SI,40
1703,974,3/4/2013,NO,NULL,NO,NULL,SI,40
1703,974,4/23/2013,SI,40,NO,NULL,NO,NULL
1703,974,4/4/2013,SI,30,NO,NULL,NO,NULL
1704,976,7/10/2014,NO,30,NO,NULL,SI,40
1705,981,6/27/2014,NO,NULL,NO,NULL,SI,30
1705,981,5/29/2014,SI,30,NO,NULL,SI,30
1706,963,4/28/2014,NO,NULL,NO,NULL,SI,30
1711,974,5/16/2014,NO,NULL,NO,NULL,SI,50
1711,974,5/16/2014,NO,NULL,NO,NULL,SI,50
1711,974,4/16/2014,SI,30,NO,NULL,SI,40
1717,968,5/21/2014,NO,NULL,NO,NULL,SI,30
1717,968,6/27/2014,NO,NULL,NO,NULL,SI,40
1721,973,6/5/2014,SI,44,NO,NULL,NO,NULL
1721,973,6/13/2014,SI,30,NO,NULL,NO,NULL
1721,973,6/22/2014,NO,NULL,NO,NULL,SI,30
1722,963,6/2/2014,NO,NULL,NO,NULL,SI,35
1722,963,5/7/2014,NO,NULL,NO,NULL,SI,35
1724,826,6/11/2014,NO,NULL,SI,2,NO,NULL
1725,980,6/3/2014,NO,NULL,NO,NULL,SI,40
1725,980,4/24/2014,SI,40,NO,NULL,NO,40
1727,760,6/2/2014,SI,8,NO,NULL,NO,NULL
1728,844,3/24/2014,SI,8,NO,NULL,NO,NULL
1728,844,4/28/2014,NO,NULL,SI,2,NO,NULL
1729,861,5/3/2014,NO,NULL,SI,2,NO,NULL
1729,861,4/4/2014,SI,10,NO,NULL,NO,NULL
1730,967,4/3/2014,SI,30,NO,NULL,NO,NULL
1730,967,5/21/2014,NO,NULL,NO,NULL,SI,30
1730,967,4/1/2014,NO,NULL,NO,NULL,SI,20
1732,1059,7/9/2014,SI,30,NO,NULL,NO,NULL
1732,1059,6/23/2014,SI,40,NO,NULL,NO,NULL
1732,1059,7/16/2014,NO,NULL,NO,NULL,SI,40
1733,981,7/1/2014,NO,NULL,NO,NULL,SI,30
1733,981,6/26/2014,SI,50,NO,NULL,NO,NULL
1733,981,8/6/2014,NO,NULL,NO,NULL,SI,43
1734,1477,7/4/2014,SI,30,NO,NULL,NO,NULL
1735,970,6/5/2014,SI,40,NO,NULL,NO,NULL
1735,970,6/25/2014,SI,30,NO,NULL,NO,NULL
1736,819,4/28/2014,SI,10,NO,NULL,NO,NULL
1736,819,6/9/2014,NO,NULL,SI,2,NO,NULL
1737,1478,5/27/2014,SI,40,NO,NULL,NO,NULL
1737,1478,6/18/2014,NO,NULL,NO,NULL,SI,40
1738,213,3/28/2014,SI,40,NO,NULL,NO,NULL
1738,213,5/18/2014,NO,NULL,NO,NULL,SI,40
1738,213,4/8/2014,NO,NULL,NO,NULL,SI,50
1739,1479,5/10/2014,SI,40,NO,NULL,SI,40
1740,1480,7/16/2014,SI,40,NO,NULL,NO,NULL
1740,1480,6/6/2014,SI,50,NO,NULL,SI,40
1741,823,4/14/2014,NO,NULL,SI,3,NO,NULL
1741,823,5/14/2014,NO,NULL,SI,3,NO,NULL
1741,823,3/15/2014,SI,8,NO,NULL,NO,NULL
1745,833,5/20/2014,NO,NULL,SI,1,NO,NULL
1745,833,4/18/2014,SI,10,NO,NULL,NO,NULL
1746,968,5/28/2014,NO,NULL,NO,NULL,SI,30
1746,968,4/23/2014,NO,NULL,NO,NULL,SI,30
1746,968,5/19/2014,SI,50,NO,NULL,NO,NULL
1746,968,5/19/2014,SI,40,NO,NULL,NO,NULL
1746,968,5/5/2014,SI,40,NO,NULL,NO,NULL
1747,1059,5/14/2014,SI,40,NO,NULL,NO,NULL
1747,1059,5/9/2014,NO,NULL,NO,NULL,SI,40
1770,1496,9/17/2014,SI,18,NO,NULL,SI,27
1771,1497,9/17/2014,SI,20,NO,NULL,SI,28
1772,1498,10/20/2014,SI,15,NO,NULL,SI,30
1773,1499,10/6/2014,SI,38,NO,NULL,SI,20
1786,1511,10/27/2014,SI,2,SI,1,NO,NULL
1786,1511,10/18/2014,SI,10,SI,1,NO,NULL
1786,1511,10/13/2014,SI,10,NO,NULL,SI,20
1786,1511,10/3/2014,SI,30,NO,NULL,SI,10
1787,44,11/10/2014,NO,NULL,SI,10,NO,NULL
1787,44,10/13/2014,SI,15,NO,NULL,NO,NULL
1799,1522,9/10/2014,SI,25,NO,NULL,SI,20
1800,1523,9/17/2014,SI,35,NO,NULL,SI,27
1812,1532,9/3/2014,SI,20,NO,NULL,SI,20
1825,1552,12/2/2014,NO,NULL,SI,2,NO,NULL
1826,1553,5/2/2014,NO,NULL,NO,NULL,SI,15
1826,1553,4/24/2014,NO,NULL,SI,2,NO,NULL
1826,1553,4/17/2014,SI,8,NO,NULL,NO,NULL
1827,1554,4/18/2014,NO,NULL,NO,NULL,SI,20
1827,1554,4/15/2014,SI,10,NO,NULL,SI,20
1827,1554,4/4/2014,SI,10,NO,NULL,NO,NULL
1828,1555,4/14/2014,NO,NULL,NO,NULL,SI,15
1828,1555,4/23/2014,NO,NULL,SI,2,NO,NULL
1829,1556,4/20/2014,NO,NULL,NO,NULL,SI,15
1830,1557,5/19/2014,NO,NULL,SI,1,NO,NULL
1830,1557,4/19/2014,NO,NULL,NO,NULL,SI,15
1831,1558,4/25/2014,NO,NULL,NO,NULL,SI,15
1831,1558,5/27/2014,NO,NULL,SI,2,NO,NULL
1832,1559,5/20/2014,NO,NULL,SI,2,NO,NULL
1833,1560,5/15/2014,NO,NULL,SI,2,NO,NULL
1834,1561,5/15/2014,NO,NULL,SI,2,NO,NULL
1835,1562,11/17/2014,NO,NULL,SI,2,NO,NULL
1835,1562,11/17/2014,NO,NULL,NO,NULL,SI,25
1836,1563,3/17/2014,NO,NULL,NO,NULL,SI,10
1836,1563,4/20/2014,SI,8,SI,2,NO,NULL
1836,1563,3/18/2014,SI,10,NO,NULL,NO,NULL
1837,1564,4/25/2014,NO,NULL,SI,2,NO,NULL
1837,1564,4/5/2014,SI,20,NO,NULL,NO,NULL
1838,1565,5/28/2014,NO,NULL,SI,2,NO,NULL
1839,1566,4/18/2014,SI,8,NO,NULL,SI,20
1840,1567,4/5/2014,NO,NULL,NO,NULL,SI,10
1841,1568,4/29/2015,NO,NULL,SI,2,SI,15
1842,1569,5/9/2014,NO,NULL,SI,3,SI,15
1843,1570,5/30/2014,NO,NULL,NO,NULL,SI,15
1843,1570,5/17/2014,NO,NULL,SI,1,NO,NULL
1843,1570,4/15/2014,SI,10,NO,NULL,NO,NULL
1846,1109,8/2/2014,SI,2,NO,NULL,NO,NULL
1846,1109,8/2/2014,SI,2,NO,NULL,NO,NULL
1846,1109,7/31/2014,SI,2,NO,NULL,NO,NULL
1846,1109,7/31/2014,SI,2,NO,NULL,NO,NULL
1867,1685,4/22/2015,NO,NULL,SI,1,NO,NULL
1867,1685,3/10/2015,SI,20,NO,NULL,SI,10
1868,1687,3/8/2015,SI,10,SI,1,SI,20
1871,1692,4/15/2015,NO,NULL,NO,NULL,SI,10
1871,1692,4/30/2015,NO,NULL,SI,1,NO,NULL
1871,1692,4/5/2015,SI,10,NO,NULL,NO,NULL
1872,1693,5/15/2015,NO,NULL,SI,1,NO,NULL
1872,1693,3/18/2015,SI,15,NO,NULL,NO,NULL
1872,1693,4/5/2015,NO,NULL,NO,NULL,SI,20
1873,1694,3/17/2015,NO,NULL,SI,2,NO,NULL
1873,1694,2/18/2015,SI,10,NO,NULL,NO,NULL
1874,551,6/3/2015,NO,NULL,SI,2,NO,NULL
1874,551,4/20/2015,SI,12,NO,NULL,NO,NULL
1876,1698,4/10/2015,SI,15,NO,NULL,SI,10
1877,1699,4/3/2015,NO,NULL,SI,2,NO,NULL
1877,1699,3/16/2015,NO,NULL,NO,NULL,SI,20
1877,1699,2/20/2015,SI,15,NO,NULL,NO,NULL
1879,1535,11/18/2014,SI,20,NO,NULL,NO,NULL
1903,1595,11/21/2014,SI,26,NO,NULL,NO,NULL
1903,1595,10/10/2014,NO,NULL,NO,NULL,SI,20
1903,1595,11/1/2014,SI,30,NO,NULL,SI,30
1904,1738,11/26/2014,SI,30,NO,NULL,NO,NULL
1904,1738,11/23/2014,NO,NULL,NO,NULL,SI,25
1905,1574,11/20/2014,SI,30,NO,NULL,NO,NULL
1905,1574,12/10/2014,NO,NULL,NO,NULL,SI,30
1905,1574,11/10/2014,NO,NULL,NO,NULL,SI,10
1906,1580,11/5/2014,SI,30,NO,NULL,NO,NULL
1906,1580,11/8/2014,SI,40,NO,NULL,NO,NULL
1906,1580,12/16/2014,NO,NULL,NO,NULL,SI,30
1906,1580,11/19/2014,NO,NULL,NO,NULL,SI,40
1907,1575,10/20/2014,SI,37,NO,NULL,NO,NULL
1907,1575,10/1/2014,NO,NULL,NO,NULL,SI,20
1908,1740,11/30/2014,SI,35,NO,NULL,NO,NULL
1908,1740,10/22/2014,SI,30,NO,NULL,SI,30
1909,1741,11/14/2014,NO,NULL,NO,NULL,SI,30
1909,1741,12/16/2014,NO,NULL,NO,NULL,SI,20
1909,1741,11/14/2014,SI,30,NO,NULL,NO,NULL
1909,1741,11/2/2014,SI,20,NO,NULL,NO,NULL
1910,1742,8/28/2014,NO,NULL,NO,NULL,SI,20
1910,1742,9/17/2014,SI,30,NO,NULL,NO,NULL
1911,1743,9/28/2014,SI,20,NO,NULL,NO,NULL
1911,1743,9/23/2014,NO,NULL,NO,NULL,SI,30
1912,1744,11/3/2014,SI,30,NO,NULL,NO,NULL
1912,1744,10/21/2014,NO,NULL,NO,NULL,SI,30
1913,1590,11/11/2014,NO,NULL,NO,NULL,SI,40
1913,1590,1/5/2015,NO,NULL,NO,NULL,SI,30
1915,1746,10/18/2014,NO,NULL,NO,NULL,SI,30
1915,1746,9/18/2014,NO,NULL,NO,NULL,SI,40
1916,1750,11/20/2014,SI,30,NO,NULL,NO,NULL
1916,1750,11/25/2014,NO,NULL,NO,NULL,SI,30
1916,1750,11/10/2014,NO,NULL,NO,NULL,SI,20
1917,1579,6/14/2014,NO,NULL,NO,NULL,SI,40
1917,1579,5/28/2014,NO,NULL,NO,NULL,SI,30
1918,1576,10/16/2014,NO,NULL,NO,NULL,SI,30
1918,1576,10/15/2014,NO,NULL,NO,NULL,SI,40
1918,1576,10/19/2014,SI,20,NO,NULL,NO,NULL
1918,1576,9/29/2014,SI,30,NO,NULL,NO,NULL
1919,1577,10/9/2014,SI,30,NO,NULL,NO,NULL
1919,1577,9/26/2014,SI,30,NO,NULL,NO,NULL
1919,1577,11/29/2014,NO,NULL,NO,NULL,SI,30
1919,1577,10/8/2014,NO,NULL,NO,NULL,SI,30
1920,692,6/1/2015,SI,30,NO,NULL,NO,NULL
1920,692,9/25/2015,SI,5,SI,5,SI,40
1921,1747,6/1/2015,SI,30,NO,NULL,NO,NULL
1922,1748,6/8/2015,SI,30,NO,NULL,NO,NULL
1922,1748,5/11/2015,SI,25,NO,NULL,NO,NULL
1923,1749,7/2/2015,SI,20,NO,NULL,NO,NULL
1923,1749,6/12/2015,SI,30,NO,NULL,NO,NULL
1924,1069,8/10/2015,SI,20,NO,NULL,NO,NULL
1924,1069,7/16/2015,SI,30,NO,NULL,NO,NULL
1925,1070,6/8/2015,SI,20,NO,NULL,NO,NULL
1925,1070,7/3/2015,SI,25,NO,NULL,NO,NULL
1926,1074,7/9/2015,SI,20,NO,NULL,NO,NULL
1926,1074,6/18/2015,SI,30,NO,NULL,NO,NULL
1929,633,6/22/2015,SI,30,NO,NULL,NO,NULL
1929,633,5/11/2015,SI,30,NO,NULL,NO,NULL
1930,1578,10/22/2014,SI,20,NO,NULL,NO,NULL
1930,1578,10/13/2014,SI,30,NO,NULL,NO,NULL
1930,1578,10/30/2014,NO,NULL,NO,NULL,SI,30
1930,1578,10/2/2014,NO,NULL,NO,NULL,SI,30
1931,1578,1/3/2015,NO,NULL,NO,NULL,SI,30
1931,1578,1/28/2015,NO,NULL,NO,NULL,SI,30
1933,1581,9/3/2014,SI,40,NO,NULL,NO,NULL
1933,1581,8/20/2014,SI,20,NO,NULL,NO,NULL
1933,1581,8/28/2014,NO,NULL,NO,NULL,SI,40
1933,1581,7/29/2014,NO,NULL,NO,NULL,SI,30
1934,1582,12/13/2014,SI,38,NO,NULL,NO,NULL
1934,1582,12/4/2014,SI,40,NO,NULL,NO,NULL
1934,1582,11/5/2014,SI,39,NO,NULL,NO,NULL
1934,1582,12/1/2014,NO,NULL,NO,NULL,SI,30
1934,1582,11/11/2014,NO,NULL,NO,NULL,SI,40
1939,1716,2/20/2015,SI,20,NO,NULL,NO,NULL
1940,1715,2/28/2015,SI,20,NO,NULL,NO,NULL
1941,1714,3/11/2015,SI,20,NO,NULL,NO,NULL
1942,1704,2/20/2015,SI,20,NO,NULL,NO,NULL
1943,1713,3/5/2015,SI,20,NO,NULL,NO,NULL
1944,1719,3/16/2015,SI,20,NO,NULL,NO,NULL
1945,1717,4/20/2015,SI,20,NO,NULL,NO,NULL
1946,1718,3/12/2015,SI,20,NO,NULL,NO,NULL
1947,1756,3/25/2015,SI,30,NO,NULL,NO,NULL
1947,1756,3/7/2015,SI,20,NO,NULL,NO,NULL
1948,1757,5/8/2015,SI,25,NO,NULL,NO,NULL
1948,1757,5/21/2015,SI,20,NO,NULL,NO,NULL
1951,692,6/5/2015,SI,20,NO,NULL,SI,30
1951,692,5/15/2015,SI,20,NO,NULL,SI,20
1955,1584,12/4/2014,SI,30,NO,NULL,NO,NULL
1955,1584,11/13/2014,SI,40,NO,NULL,NO,NULL
1955,1584,12/2/2014,NO,NULL,NO,NULL,SI,30
1956,1585,1/5/2015,NO,NULL,NO,NULL,SI,40
1956,1585,12/3/2014,NO,NULL,NO,NULL,SI,30
1957,1586,12/19/2014,SI,30,NO,NULL,NO,NULL
1957,1586,12/1/2014,NO,NULL,NO,NULL,SI,30
1958,1587,12/13/2014,SI,30,NO,NULL,NO,NULL
1958,1587,11/28/2014,SI,30,NO,NULL,NO,NULL
1958,1587,11/21/2014,SI,30,NO,NULL,NO,NULL
1958,1587,12/21/2014,SI,40,NO,NULL,NO,NULL
1959,1588,12/9/2014,SI,30,NO,NULL,NO,NULL
1959,1588,11/25/2014,NO,NULL,NO,NULL,SI,20
1960,1589,12/30/2014,SI,40,NO,NULL,NO,NULL
1960,1589,11/27/2014,SI,30,NO,NULL,SI,30
1961,1583,10/30/2014,SI,30,NO,NULL,SI,30
1961,1583,10/9/2014,SI,30,NO,NULL,SI,30
2010,1841,6/28/2015,SI,30,NO,NULL,NO,NULL
2010,1841,6/19/2015,SI,25,NO,NULL,SI,65
2011,1842,7/5/2015,NO,NULL,SI,15,NO,NULL
2011,1842,6/28/2015,SI,25,NO,NULL,NO,NULL
2011,1842,6/19/2015,NO,NULL,NO,NULL,SI,65
2011,1842,6/17/2015,SI,35,NO,NULL,NO,NULL
2015,1843,7/5/2015,NO,NULL,SI,15,NO,NULL
2015,1843,6/28/2015,SI,35,NO,NULL,NO,NULL
2015,1843,6/19/2015,NO,NULL,NO,NULL,SI,65
2015,1843,6/17/2015,SI,30,NO,NULL,NO,NULL
2016,1843,6/11/2015,SI,60,NO,NULL,NO,NULL
2016,1843,7/5/2015,SI,30,SI,27,NO,NULL
2016,1843,6/26/2015,SI,30,NO,NULL,NO,NULL
2016,1843,6/21/2015,NO,NULL,NO,NULL,SI,60
2016,1843,6/18/2015,SI,40,NO,NULL,NO,NULL
2018,1894,6/22/2015,SI,0,SI,0,SI,0
2018,1894,6/8/2015,SI,0,SI,0,SI,0
2019,1895,6/24/2015,SI,20,NO,NULL,NO,NULL
2019,1895,6/18/2015,SI,40,NO,NULL,NO,NULL
2019,1895,6/4/2015,SI,20,NO,NULL,NO,NULL
2020,1896,6/26/2015,SI,54,NO,NULL,NO,NULL
2020,1896,6/6/2015,SI,35,NO,NULL,NO,NULL
2021,1897,6/24/2015,SI,32,SI,2,NO,NULL
2021,1897,6/5/2015,SI,22,NO,NULL,NO,NULL
2022,1898,7/3/2015,SI,15,NO,NULL,NO,NULL
2022,1898,6/12/2015,SI,34,NO,NULL,NO,NULL
2022,1898,6/4/2015,SI,54,NO,NULL,NO,NULL
2023,1902,6/12/2015,SI,30,NO,NULL,NO,NULL
2023,1902,6/6/2015,SI,30,NO,NULL,NO,NULL
2023,1902,5/12/2015,SI,45,NO,NULL,NO,NULL
2029,1903,5/28/2015,SI,33,NO,NULL,NO,NULL
2029,1903,6/2/2015,SI,20,NO,NULL,NO,NULL
2031,1844,6/29/2015,SI,25,NO,NULL,NO,NULL
2031,1844,6/21/2015,SI,20,NO,NULL,SI,60
2032,1920,6/29/2015,SI,25,NO,NULL,NO,NULL
2032,1920,6/18/2015,SI,30,NO,NULL,NO,NULL
2032,1920,6/16/2015,NO,NULL,NO,NULL,SI,75
2032,1920,6/7/2015,SI,35,NO,NULL,NO,NULL
2034,1921,6/21/2015,SI,28,NO,NULL,NO,NULL
2034,1921,6/8/2015,SI,25,NO,NULL,SI,35
2035,1924,6/30/2015,SI,34,NO,NULL,NO,NULL
2035,1924,6/15/2015,SI,44,NO,NULL,NO,NULL
2038,1925,6/10/2015,SI,35,NO,NULL,NO,NULL
2038,1925,5/23/2015,SI,40,NO,NULL,NO,NULL
2039,1926,6/29/2015,SI,34,NO,NULL,NO,NULL
2039,1926,6/15/2015,SI,13,NO,NULL,NO,NULL
2040,1927,6/29/2015,SI,34,NO,NULL,NO,NULL
2040,1927,6/17/2015,SI,26,NO,NULL,NO,NULL
2041,1928,5/25/2015,SI,44,NO,NULL,NO,NULL
2041,1928,6/10/2015,SI,17,NO,NULL,NO,NULL
2042,1929,6/19/2015,NO,NULL,NO,NULL,SI,23
2042,1929,5/24/2015,SI,36,NO,NULL,NO,NULL
2043,1930,6/18/2015,SI,51,NO,NULL,NO,NULL
2044,1931,6/29/2015,SI,23,NO,NULL,NO,NULL
2044,1931,6/6/2015,SI,35,NO,NULL,NO,NULL
2044,1931,5/29/2015,SI,17,NO,NULL,NO,NULL
2044,1931,6/7/2015,NO,NULL,NO,NULL,SI,15
2044,1931,5/24/2015,NO,NULL,NO,NULL,SI,17
2045,1931,5/29/2015,SI,16,NO,NULL,NO,NULL
2045,1931,6/7/2015,NO,NULL,NO,NULL,SI,16
2045,1931,5/24/2015,NO,NULL,NO,NULL,SI,16
2045,1931,6/24/2015,SI,33,NO,NULL,NO,NULL
2045,1931,6/6/2015,SI,54,NO,NULL,NO,NULL
2048,1932,6/10/2015,SI,34,NO,NULL,NO,NULL
2048,1932,6/10/2015,NO,NULL,NO,NULL,SI,13
2050,1919,7/22/2015,SI,20,SI,20,NO,NULL
2050,1919,6/11/2015,SI,35,NO,NULL,NO,NULL
2050,1919,6/1/2015,SI,15,NO,NULL,SI,75
2051,1841,6/23/2015,SI,25,NO,NULL,SI,65
2051,1841,6/30/2015,SI,25,NO,NULL,NO,NULL
2052,1922,7/16/2015,SI,30,SI,15,NO,NULL
2052,1922,6/21/2015,SI,25,NO,NULL,NO,NULL
2052,1922,6/14/2015,SI,30,NO,NULL,SI,75
2053,1921,5/25/2015,SI,10,NO,NULL,SI,85
2053,1921,7/24/2015,SI,30,SI,15,NO,NULL
2053,1921,6/19/2015,SI,20,NO,NULL,NO,NULL
2053,1921,6/10/2015,SI,25,NO,NULL,NO,NULL
2053,1921,5/30/2015,SI,30,NO,NULL,NO,NULL
2064,1844,7/9/2015,SI,25,NO,NULL,NO,NULL
2064,1844,6/29/2015,SI,35,NO,NULL,NO,NULL
2064,1844,6/15/2015,SI,40,NO,NULL,NO,NULL
2067,1844,6/15/2015,SI,20,NO,NULL,NO,NULL
2069,1961,7/4/2015,SI,33,NO,NULL,NO,NULL
2069,1961,6/23/2015,NO,NULL,NO,NULL,SI,14
2069,1961,6/22/2015,SI,55,NO,NULL,NO,NULL
2069,1961,6/10/2015,SI,35,SI,1,NO,NULL
2069,1961,5/29/2015,SI,17,NO,NULL,NO,NULL
2078,1919,7/22/2015,SI,20,SI,20,NO,NULL
2078,1919,6/7/2015,SI,30,NO,NULL,SI,60
2078,1919,5/26/2015,SI,35,NO,NULL,NO,NULL
2078,1919,5/18/2015,SI,15,NO,NULL,SI,85
2079,1966,6/15/2015,NO,NULL,NO,NULL,SI,60
2080,1967,6/2/2015,NO,NULL,NO,NULL,SI,65
2080,1967,5/12/2015,NO,NULL,NO,NULL,SI,75
2081,1968,6/20/2015,SI,20,NO,NULL,NO,NULL
2081,1968,6/14/2015,SI,20,NO,NULL,NO,NULL
2081,1968,6/8/2015,NO,NULL,NO,NULL,SI,70
2082,1964,5/25/2015,SI,17,NO,NULL,NO,21
2082,1964,6/23/2015,SI,23,NO,NULL,NO,NULL
2082,1964,6/19/2015,NO,NULL,NO,NULL,SI,21
2082,1964,6/14/2015,SI,34,SI,1,NO,NULL
2082,1964,6/7/2015,SI,55,NO,NULL,NO,NULL
2082,1964,6/3/2015,SI,45,NO,NULL,NO,NULL
2082,1964,5/31/2015,SI,25,NO,NULL,NO,NULL
2083,1969,5/27/2015,NO,NULL,NO,NULL,SI,50
2083,1969,5/26/2015,SI,35,NO,NULL,NO,80
2083,1969,6/7/2015,SI,25,NO,NULL,NO,NULL
2083,1969,5/31/2015,SI,30,NO,NULL,NO,NULL
2084,1960,6/18/2015,SI,24,NO,NULL,NO,NULL
2084,1960,6/11/2015,SI,35,SI,2,NO,NULL
2084,1960,6/5/2015,SI,45,NO,NULL,NO,NULL
2084,1960,5/31/2015,SI,25,NO,NULL,NO,NULL
2084,1960,5/27/2015,SI,37,NO,NULL,NO,NULL
2084,1960,5/25/2015,SI,13,NO,NULL,NO,NULL
2084,1960,6/20/2015,NO,NULL,NO,NULL,SI,26
2085,1963,7/27/2015,NO,NULL,NO,NULL,SI,19
2085,1963,6/29/2015,SI,33,NO,NULL,NO,NULL
2085,1963,6/21/2015,SI,54,NO,NULL,NO,NULL
2085,1963,6/17/2015,SI,35,NO,NULL,NO,NULL
2085,1963,6/9/2015,SI,17,NO,NULL,NO,NULL
2086,1970,7/3/2015,SI,25,NO,NULL,NO,NULL
2086,1970,6/18/2015,SI,30,NO,NULL,NO,NULL
2086,1970,6/23/2015,NO,NULL,NO,NULL,SI,70
2087,1962,6/25/2015,NO,NULL,NO,NULL,SI,15
2088,1971,6/25/2015,SI,25,NO,NULL,NO,NULL
2088,1971,6/16/2015,SI,30,NO,NULL,NO,NULL
2088,1971,6/9/2015,SI,40,NO,NULL,NO,NULL
2088,1971,6/3/2015,SI,30,NO,NULL,NO,78
2089,1933,6/18/2015,NO,NULL,SI,2,NO,NULL
2089,1933,6/18/2015,SI,35,NO,NULL,NO,NULL
2090,1972,6/17/2015,NO,NULL,SI,20,NO,NULL
2090,1972,6/8/2015,NO,NULL,NO,NULL,SI,65
2090,1972,6/3/2015,SI,30,NO,NULL,NO,NULL
2091,1973,6/26/2015,SI,20,NO,NULL,NO,NULL
2091,1973,6/16/2015,SI,25,NO,NULL,NO,NULL
2091,1973,6/24/2015,NO,NULL,NO,NULL,SI,60
2092,1972,6/28/2015,NO,NULL,SI,25,NO,NULL
2092,1972,6/16/2015,NO,NULL,NO,NULL,SI,50
2106,1843,6/30/2015,SI,25,NO,NULL,SI,25
2106,1843,6/23/2015,SI,20,NO,NULL,SI,50
2107,1842,6/12/2015,SI,20,NO,NULL,NO,NULL
2107,1842,6/7/2015,SI,35,NO,NULL,NO,NULL
2107,1842,5/28/2015,SI,40,NO,NULL,NO,NULL
2107,1842,7/20/2015,SI,25,SI,30,NO,NULL
2107,1842,7/6/2015,SI,30,NO,NULL,NO,NULL
2107,1842,6/26/2015,SI,20,NO,NULL,NO,NULL
2110,1972,6/22/2015,SI,25,NO,NULL,NO,NULL
2110,1972,6/8/2015,SI,30,NO,NULL,NO,NULL
2110,1972,6/26/2015,NO,NULL,NO,NULL,SI,60
2110,1972,6/15/2015,NO,NULL,NO,NULL,SI,75
2110,1972,6/28/2015,NO,NULL,SI,20,NO,NULL
2110,1972,7/8/2015,SI,30,NO,NULL,NO,NULL
2111,2018,6/18/2015,NO,NULL,SI,20,NO,NULL
2111,2018,5/27/2015,SI,35,NO,NULL,NO,NULL
2113,2020,6/12/2015,SI,20,NO,NULL,NO,NULL
2113,2020,6/3/2015,SI,25,NO,NULL,SI,60
2113,2020,7/2/2015,NO,NULL,SI,20,NO,NULL
2117,2022,7/5/2015,NO,NULL,SI,20,NO,NULL
2117,2022,6/30/2015,SI,20,NO,NULL,NO,NULL
2117,2022,6/25/2015,NO,NULL,NO,NULL,SI,60
2117,2022,6/15/2015,SI,25,NO,NULL,NO,NULL
2118,2023,7/5/2015,NO,NULL,SI,15,NO,NULL
2118,2023,6/24/2015,SI,29,NO,NULL,NO,NULL
2118,2023,6/14/2015,SI,15,NO,NULL,SI,70
2119,1921,7/20/2015,SI,15,SI,15,NO,NULL
2119,1921,6/17/2015,SI,20,NO,NULL,SI,15
2120,1842,7/10/2015,SI,20,SI,20,NO,NULL
2120,1842,6/23/2015,SI,25,NO,NULL,SI,65
2120,1842,6/14/2015,SI,20,NO,NULL,NO,NULL
2127,1980,6/14/2015,SI,46,NO,NULL,SI,15
2127,1980,7/21/2015,SI,23,NO,NULL,NO,NULL
2127,1980,6/29/2015,SI,34,NO,NULL,NO,NULL
2128,1979,7/19/2015,SI,30,NO,NULL,NO,NULL
2128,1979,6/5/2015,SI,55,NO,NULL,NO,NULL
2128,1979,6/22/2015,NO,NULL,NO,NULL,SI,15
2129,1978,7/1/2015,SI,54,NO,NULL,NO,NULL
2130,1977,6/9/2015,SI,50,NO,NULL,NO,NULL
2130,1977,6/9/2015,NO,NULL,NO,NULL,SI,20
2131,1976,6/20/2015,NO,NULL,NO,NULL,SI,15
2132,1975,6/25/2015,NO,NULL,SI,3,NO,NULL
2132,1975,6/15/2015,NO,NULL,NO,NULL,SI,21
2133,1974,5/29/2015,SI,46,NO,NULL,NO,NULL
2133,1974,7/11/2015,NO,NULL,NO,NULL,SI,15
2133,1974,6/29/2015,SI,26,NO,NULL,NO,NULL
2135,1988,7/5/2015,NO,NULL,NO,NULL,SI,38
2135,1988,6/18/2015,SI,20,NO,NULL,NO,NULL
2136,1987,7/4/2015,NO,NULL,NO,NULL,SI,20
2136,1987,6/3/2015,SI,35,NO,NULL,SI,25
2137,1986,6/26/2015,SI,41,NO,NULL,NO,NULL
2137,1986,6/21/2015,SI,34,NO,NULL,NO,NULL
2137,1986,6/18/2015,SI,45,NO,NULL,NO,NULL
2137,1986,6/15/2015,SI,25,NO,NULL,NO,NULL
2137,1986,6/12/2015,SI,18,NO,NULL,NO,NULL
2137,1986,7/8/2015,SI,13,NO,NULL,NO,NULL
2137,1986,7/5/2015,SI,32,NO,NULL,NO,NULL
2137,1986,6/29/2015,SI,46,NO,NULL,SI,18
2138,1985,6/17/2015,NO,NULL,NO,NULL,SI,23
2138,1985,6/2/2015,SI,33,NO,NULL,NO,NULL
2138,1985,5/27/2015,SI,45,NO,NULL,NO,NULL
2138,1985,5/15/2015,NO,NULL,NO,NULL,SI,23
2139,1984,5/28/2015,SI,35,NO,NULL,NO,NULL
2139,1984,5/23/2015,SI,45,NO,NULL,NO,NULL
2139,1984,5/18/2015,SI,25,NO,NULL,NO,NULL
2139,1984,5/13/2015,SI,17,NO,NULL,NO,NULL
2139,1984,7/1/2015,SI,13,NO,NULL,NO,NULL
2139,1984,6/2/2015,SI,23,NO,NULL,NO,NULL
2139,1984,6/3/2015,NO,NULL,NO,NULL,SI,23
2140,1983,7/19/2015,SI,20,SI,1,NO,NULL
2140,1983,6/27/2015,NO,NULL,NO,NULL,SI,15
2140,1983,6/13/2015,SI,40,NO,NULL,NO,NULL
2141,1982,7/9/2015,SI,13,NO,NULL,NO,NULL
2141,1982,6/27/2015,SI,35,NO,NULL,NO,NULL
2141,1982,6/24/2015,NO,NULL,NO,NULL,SI,16
2141,1982,6/20/2015,SI,25,NO,NULL,NO,NULL
2141,1982,6/13/2015,SI,17,NO,NULL,NO,NULL
2141,1982,7/12/2015,NO,NULL,SI,1,NO,NULL
2142,2037,6/17/2015,SI,47,NO,NULL,NO,NULL
2142,2037,5/25/2015,NO,NULL,NO,NULL,SI,30
2154,2068,6/17/2015,SI,30,NO,NULL,SI,50
2155,2066,6/21/2015,SI,38,NO,NULL,SI,31
2156,2066,6/30/2015,NO,NULL,NO,NULL,SI,35
2156,2066,6/15/2015,SI,35,NO,NULL,NO,NULL
2156,2066,6/10/2015,SI,27,NO,NULL,NO,NULL
2156,2066,6/3/2015,SI,10,NO,NULL,NO,NULL
2156,2066,5/18/2015,NO,NULL,NO,NULL,SI,35
2156,2066,6/24/2015,SI,35,NO,NULL,NO,NULL
2156,2066,7/6/2015,SI,54,NO,NULL,NO,NULL
2157,2065,6/26/2015,NO,NULL,NO,NULL,SI,40
2158,2069,7/5/2015,NO,NULL,NO,NULL,SI,55
2159,2070,7/5/2015,SI,27,NO,NULL,NO,NULL
2160,2071,7/6/2015,NO,NULL,NO,NULL,SI,50
2160,2071,6/10/2015,SI,25,NO,NULL,NO,NULL
2161,2072,6/21/2015,SI,25,NO,NULL,NO,NULL
2161,2072,6/10/2015,NO,NULL,NO,NULL,SI,65
2162,2064,6/27/2015,NO,NULL,NO,NULL,SI,30
2162,2064,5/27/2015,SI,37,NO,NULL,SI,35
2163,1923,6/26/2015,SI,35,NO,NULL,NO,NULL
2163,1923,6/19/2015,SI,30,NO,NULL,NO,NULL
2163,1923,6/14/2015,SI,30,NO,NULL,SI,60
2163,1923,6/6/2015,SI,35,NO,NULL,NO,NULL
2164,2064,7/23/2015,SI,47,NO,NULL,NO,NULL
2164,2064,7/10/2015,NO,NULL,NO,NULL,SI,37
2164,2064,7/3/2015,SI,26,NO,NULL,NO,NULL
2165,1923,6/12/2015,SI,20,NO,NULL,SI,60
2166,2063,7/4/2015,NO,NULL,SI,4,NO,NULL
2166,2063,6/9/2015,SI,38,NO,NULL,NO,NULL
2166,2063,6/2/2015,NO,NULL,NO,NULL,SI,26
2167,2019,7/1/2015,SI,25,NO,NULL,NO,NULL
2167,2019,6/25/2015,NO,NULL,NO,NULL,SI,70
2168,2062,7/7/2015,NO,NULL,NO,NULL,SI,29
2169,2061,6/24/2015,SI,24,NO,NULL,SI,27
2169,2061,6/16/2015,SI,46,NO,NULL,NO,NULL
2169,2061,6/8/2015,SI,17,NO,NULL,NO,NULL
2169,2061,6/4/2015,NO,NULL,NO,NULL,SI,25
2169,2061,6/4/2015,SI,14,NO,NULL,NO,NULL
2170,2060,7/11/2015,SI,26,NO,NULL,NO,NULL
2170,2060,6/27/2015,SI,45,NO,NULL,NO,NULL
2170,2060,6/19/2015,NO,NULL,NO,NULL,SI,35
2170,2060,6/14/2015,SI,38,NO,NULL,NO,NULL
2170,2060,6/6/2015,SI,17,NO,NULL,NO,NULL
2205,2059,6/14/2015,NO,NULL,NO,NULL,SI,35
2206,2058,7/23/2015,NO,NULL,NO,NULL,SI,50
2206,2058,7/13/2015,SI,45,NO,NULL,NO,NULL
2207,2124,6/27/2015,NO,NULL,NO,NULL,SI,60
2207,2124,5/29/2015,NO,NULL,NO,NULL,SI,80
2208,2057,6/23/2015,SI,15,NO,NULL,NO,NULL
2208,2057,6/13/2015,NO,NULL,NO,NULL,SI,25
2208,2057,6/8/2015,SI,16,NO,NULL,NO,NULL
2208,2057,6/1/2015,SI,17,NO,NULL,NO,NULL
2211,2125,5/20/2015,NO,NULL,NO,NULL,SI,65
2212,2056,7/3/2015,NO,NULL,SI,2,NO,NULL
2212,2056,6/28/2015,NO,NULL,NO,NULL,SI,38
2212,2056,6/12/2015,NO,NULL,NO,NULL,SI,45
2214,2045,7/20/2015,SI,10,NO,NULL,NO,NULL
2214,2045,6/20/2015,SI,22,NO,NULL,NO,NULL
2214,2045,6/19/2015,NO,NULL,NO,NULL,SI,50
2214,2045,6/5/2015,SI,20,NO,NULL,NO,NULL
2216,2055,6/27/2015,NO,NULL,SI,3,NO,NULL
2216,2055,7/2/2015,NO,NULL,NO,NULL,SI,35
2218,2054,6/22/2015,SI,15,SI,5,NO,NULL
2218,2054,6/12/2015,SI,30,NO,NULL,NO,NULL
2220,2053,7/2/2015,SI,10,NO,NULL,NO,NULL
2220,2053,6/17/2015,SI,15,NO,NULL,NO,NULL
2220,2053,6/7/2015,NO,NULL,NO,NULL,SI,60
2220,2053,7/12/2015,NO,NULL,NO,NULL,SI,30
2222,2051,7/10/2015,SI,10,NO,NULL,NO,NULL
2222,2051,6/24/2015,SI,15,NO,NULL,NO,NULL
2222,2051,6/9/2015,SI,20,NO,NULL,NO,NULL
2224,2050,7/1/2015,SI,42,NO,NULL,NO,NULL
2224,2050,6/21/2015,SI,20,NO,NULL,NO,NULL
2225,2049,6/28/2015,SI,45,NO,NULL,NO,NULL
2225,2049,6/16/2015,SI,25,NO,NULL,NO,NULL
2227,2048,7/9/2015,NO,NULL,NO,NULL,SI,45
2227,2048,7/7/2015,SI,14,NO,NULL,NO,NULL
2227,2048,6/17/2015,SI,20,NO,NULL,NO,NULL
2228,2047,7/8/2015,SI,10,NO,NULL,NO,NULL
2228,2047,6/23/2015,SI,25,NO,NULL,NO,NULL
2228,2047,6/10/2015,NO,NULL,NO,NULL,SI,35
2229,2047,6/24/2015,SI,10,NO,NULL,NO,NULL
2229,2047,6/21/2015,SI,15,NO,NULL,NO,NULL
2229,2047,6/17/2015,NO,NULL,NO,NULL,SI,25
2229,2047,6/15/2015,SI,25,NO,NULL,NO,NULL
2230,2046,6/13/2015,SI,18,NO,NULL,NO,NULL
2230,2046,6/6/2015,SI,20,NO,NULL,NO,NULL
2230,2046,6/4/2015,NO,NULL,SI,4,NO,NULL
2230,2046,7/3/2015,SI,10,NO,NULL,NO,NULL
2230,2046,6/18/2015,SI,15,SI,4,NO,NULL
2233,2144,7/1/2015,SI,35,NO,NULL,NO,NULL
2233,2144,6/16/2015,SI,30,NO,NULL,NO,NULL
2233,2144,6/7/2015,SI,37,NO,NULL,NO,NULL
2233,2144,5/23/2015,NO,NULL,NO,NULL,SI,90
2234,1920,6/16/2015,NO,NULL,NO,NULL,SI,70
2235,2145,6/24/2015,SI,35,NO,NULL,NO,NULL
2235,2145,5/29/2015,SI,35,NO,NULL,NO,90
2236,2146,6/10/2015,NO,NULL,SI,25,NO,NULL
2236,2146,6/7/2015,SI,38,NO,NULL,NO,NULL
2236,2146,7/5/2015,NO,NULL,NO,NULL,SI,55
2236,2146,7/3/2015,NO,NULL,SI,20,NO,NULL
2236,2146,6/17/2015,NO,NULL,SI,30,NO,NULL
2237,2147,7/4/2015,SI,25,NO,NULL,SI,75
2237,2147,6/29/2015,SI,25,NO,NULL,NO,NULL
2237,2147,6/21/2015,SI,20,NO,NULL,NO,NULL
2237,2147,6/14/2015,SI,35,NO,NULL,NO,NULL
2237,2147,6/8/2015,SI,30,NO,NULL,NO,NULL
2237,2147,6/1/2015,SI,40,NO,NULL,NO,75
2238,2148,6/28/2015,SI,25,NO,NULL,NO,NULL
2238,2148,6/20/2015,SI,30,NO,NULL,NO,NULL
2238,2148,6/12/2015,SI,35,NO,NULL,SI,60
2238,2148,6/2/2015,SI,30,NO,NULL,NO,NULL
2241,2143,7/12/2015,SI,20,NO,NULL,NO,NULL
2241,2143,6/30/2015,SI,45,NO,NULL,NO,NULL
2241,2143,6/16/2015,NO,NULL,NO,NULL,SI,80
2241,2143,6/11/2015,SI,60,NO,NULL,NO,NULL
2241,2143,6/5/2015,SI,75,NO,NULL,NO,NULL
2242,2143,6/19/2015,NO,NULL,NO,NULL,SI,70
2243,2131,6/29/2015,NO,NULL,NO,NULL,SI,60
2243,2131,6/20/2015,SI,40,NO,NULL,NO,NULL
2243,2131,6/13/2015,SI,50,NO,NULL,NO,NULL
2243,2131,7/4/2015,SI,30,NO,NULL,NO,NULL
2244,2131,7/8/2015,SI,45,NO,NULL,NO,NULL
2244,2131,7/1/2015,NO,NULL,NO,NULL,SI,40
2244,2131,6/28/2015,SI,70,NO,NULL,NO,NULL
2244,2131,6/18/2015,SI,80,NO,NULL,NO,NULL
2257,1726,4/17/2015,SI,40,NO,NULL,NO,NULL
2258,1723,3/13/2015,SI,15,NO,NULL,NO,NULL
2267,2143,7/3/2015,SI,60,NO,NULL,NO,NULL
2267,2143,6/18/2015,NO,NULL,NO,NULL,SI,70
2267,2143,6/13/2015,SI,80,NO,NULL,NO,NULL
2267,2143,6/6/2015,SI,70,NO,NULL,NO,NULL
2268,1724,4/24/2015,SI,40,NO,NULL,NO,NULL
2269,2142,7/13/2015,SI,10,NO,NULL,NO,NULL
2269,2142,7/7/2015,SI,17,NO,NULL,NO,NULL
2269,2142,7/5/2015,NO,NULL,NO,NULL,SI,40
2269,2142,6/30/2015,SI,20,NO,NULL,NO,NULL
2269,2142,6/23/2015,SI,16,NO,NULL,NO,NULL
2269,2142,6/15/2015,SI,12,NO,NULL,SI,52
2270,2141,6/13/2015,SI,22,SI,5,NO,15
2270,2141,6/9/2015,SI,18,NO,NULL,NO,NULL
2270,2141,6/7/2015,NO,NULL,NO,NULL,SI,35
2270,2141,6/5/2015,SI,15,NO,NULL,NO,NULL
2270,2141,7/10/2015,SI,13,NO,NULL,NO,NULL
2270,2141,7/5/2015,SI,15,NO,NULL,NO,NULL
2270,2141,6/30/2015,SI,18,NO,NULL,NO,NULL
2270,2141,6/25/2015,SI,17,NO,NULL,NO,NULL
2270,2141,6/22/2015,SI,19,NO,NULL,NO,NULL
2271,2140,6/6/2015,SI,20,NO,NULL,NO,NULL
2271,2140,6/2/2015,SI,18,NO,NULL,NO,NULL
2271,2140,5/29/2015,SI,15,NO,NULL,NO,NULL
2271,2140,7/2/2015,NO,NULL,SI,3,NO,NULL
2271,2140,6/25/2015,NO,NULL,SI,4,NO,NULL
2271,2140,6/5/2015,NO,NULL,NO,NULL,SI,43
2271,2140,7/5/2015,SI,10,NO,NULL,NO,NULL
2271,2140,6/22/2015,SI,16,NO,NULL,NO,NULL
2271,2140,6/18/2015,SI,15,NO,NULL,NO,NULL
2271,2140,6/14/2015,SI,20,NO,NULL,NO,NULL
2271,2140,6/10/2015,SI,40,NO,NULL,NO,NULL
2272,2139,7/7/2015,SI,15,NO,NULL,NO,NULL
2272,2139,6/29/2015,SI,17,SI,6,NO,NULL
2272,2139,6/19/2015,SI,20,SI,4,NO,NULL
2272,2139,6/12/2015,SI,16,NO,NULL,NO,NULL
2272,2139,6/4/2015,SI,12,NO,NULL,NO,NULL
2272,2139,7/23/2015,SI,12,NO,NULL,NO,NULL
2273,2138,6/20/2015,NO,NULL,NO,NULL,SI,35
2273,2138,6/30/2015,NO,NULL,SI,4,NO,NULL
2273,2138,7/25/2015,SI,13,NO,NULL,NO,NULL
2273,2138,6/25/2015,SI,17,NO,NULL,NO,NULL
2273,2138,6/5/2015,SI,22,NO,NULL,NO,NULL
2275,2186,7/5/2015,NO,NULL,SI,30,NO,NULL
2275,2186,6/5/2015,SI,30,NO,NULL,NO,75
2276,2137,7/15/2015,SI,17,NO,NULL,NO,NULL
2276,2137,7/7/2015,SI,18,NO,NULL,NO,NULL
2276,2137,6/29/2015,SI,20,NO,NULL,NO,NULL
2276,2137,5/22/2015,SI,15,NO,NULL,NO,NULL
2276,2137,8/13/2015,NO,NULL,NO,NULL,SI,30
2276,2137,7/19/2015,SI,12,NO,NULL,NO,NULL
2277,2186,6/15/2015,NO,NULL,NO,NULL,SI,68
2277,2186,6/29/2015,SI,20,NO,NULL,NO,NULL
2277,2186,6/17/2015,SI,35,NO,NULL,NO,NULL
2277,2186,6/3/2015,SI,25,NO,NULL,NO,NULL
2278,2136,7/30/2015,SI,15,NO,NULL,NO,NULL
2278,2136,7/17/2015,SI,18,NO,NULL,NO,NULL
2278,2136,7/4/2015,SI,25,NO,NULL,NO,NULL
2278,2136,6/29/2015,SI,12,NO,NULL,NO,NULL
2278,2136,7/22/2015,NO,NULL,NO,NULL,SI,35
2278,2136,7/2/2015,NO,NULL,NO,NULL,SI,30
2280,2135,7/11/2015,SI,15,NO,NULL,NO,NULL
2280,2135,6/21/2015,SI,25,NO,NULL,NO,NULL
2280,2135,7/21/2015,NO,NULL,NO,NULL,SI,50
2281,2186,7/1/2015,SI,40,NO,NULL,NO,NULL
2281,2186,6/14/2015,SI,28,NO,NULL,NO,NULL
2281,2186,6/5/2015,SI,37,NO,NULL,NO,NULL
2281,2186,6/14/2015,NO,NULL,NO,NULL,SI,50
2282,2134,6/28/2015,SI,12,NO,NULL,NO,NULL
2282,2134,6/23/2015,SI,15,NO,NULL,NO,NULL
2282,2134,6/18/2015,SI,18,NO,NULL,NO,NULL
2282,2134,6/13/2015,SI,20,NO,NULL,NO,NULL
2282,2134,6/1/2015,SI,23,NO,NULL,NO,NULL
2282,2134,6/22/2015,NO,NULL,NO,NULL,SI,35
2283,2133,7/21/2015,NO,NULL,SI,6,NO,NULL
2283,2133,7/1/2015,NO,NULL,SI,3,NO,NULL
2283,2133,6/26/2015,NO,NULL,NO,NULL,SI,50
2283,2133,6/21/2015,SI,10,NO,NULL,NO,NULL
2283,2133,5/28/2015,SI,20,NO,NULL,NO,NULL
2284,2132,6/12/2015,SI,25,NO,NULL,NO,NULL
2284,2132,6/4/2015,SI,30,NO,NULL,NO,NULL
2284,2132,6/28/2015,SI,10,SI,5,NO,NULL
2284,2132,6/22/2015,NO,NULL,NO,NULL,SI,40
2293,2199,8/22/2015,NO,NULL,NO,NULL,SI,50
2293,2199,7/16/2015,SI,10,NO,NULL,NO,NULL
2293,2199,7/11/2015,SI,17,NO,NULL,NO,NULL
2293,2199,7/3/2015,SI,14,SI,7,NO,NULL
2293,2199,6/27/2015,SI,15,SI,5,NO,NULL
2293,2199,6/19/2015,SI,22,NO,NULL,NO,NULL
2293,2199,6/11/2015,SI,20,NO,NULL,NO,NULL
2298,2202,5/18/2015,SI,70,NO,NULL,NO,NULL
2304,1725,4/14/2015,SI,40,NO,NULL,NO,NULL
2314,2237,7/14/2015,NO,NULL,NO,NULL,SI,50
2351,2277,6/21/2015,SI,40,NO,NULL,NO,NULL
2351,2277,6/16/2015,NO,NULL,NO,NULL,SI,40
2351,2277,6/12/2015,SI,60,NO,NULL,NO,NULL
2351,2277,6/3/2015,SI,100,NO,NULL,NO,NULL
2352,2276,6/23/2015,SI,50,NO,NULL,SI,30
2352,2276,6/15/2015,SI,70,NO,NULL,NO,NULL
2352,2276,6/8/2015,SI,100,NO,NULL,NO,NULL
2387,2215,6/8/2015,NO,NULL,SI,90,NO,NULL
2390,2288,7/17/2015,SI,15,NO,NULL,NO,NULL
2390,2288,7/11/2015,SI,30,NO,NULL,NO,NULL
2390,2288,7/5/2015,SI,22,NO,NULL,NO,NULL
2390,2288,7/3/2015,NO,NULL,SI,5,NO,NULL
2390,2288,6/29/2015,SI,37,NO,NULL,NO,NULL
2390,2288,6/24/2015,SI,45,NO,NULL,NO,NULL
2390,2288,6/17/2015,SI,40,NO,NULL,NO,NULL
2390,2288,6/13/2015,NO,NULL,SI,2,SI,38
2390,2288,6/9/2015,SI,55,NO,NULL,NO,NULL
2390,2288,6/3/2015,SI,60,NO,NULL,NO,NULL
2391,2289,6/28/2015,NO,NULL,NO,NULL,SI,48
2391,2289,6/8/2015,SI,40,SI,5,NO,NULL
2392,2290,7/4/2015,SI,30,SI,4,NO,NULL
2392,2290,6/19/2015,NO,NULL,NO,NULL,SI,35
2392,2290,6/9/2015,SI,50,SI,5,NO,NULL
2404,2213,6/17/2015,SI,10,NO,NULL,NO,NULL
2406,2322,7/3/2015,NO,NULL,NO,NULL,SI,40
2406,2322,6/28/2015,SI,40,NO,NULL,NO,NULL
2406,2322,6/15/2015,SI,60,NO,NULL,NO,NULL
2406,2322,6/1/2015,SI,20,NO,NULL,NO,NULL
2407,2323,6/3/2015,SI,30,NO,NULL,SI,35
2457,2341,4/25/2015,SI,25,NO,NULL,NO,NULL
2458,2342,6/17/2015,NO,NULL,SI,30,NO,NULL
2458,2342,5/22/2015,SI,40,NO,NULL,NO,NULL
2464,2353,6/15/2015,SI,35,NO,NULL,NO,NULL
2464,2353,6/13/2015,NO,NULL,NO,NULL,SI,40
2465,2345,7/9/2015,SI,30,NO,NULL,NO,NULL
2465,2345,7/1/2015,SI,40,NO,NULL,NO,NULL
2465,2345,6/25/2015,SI,60,NO,NULL,NO,NULL
2465,2345,6/15/2015,SI,80,NO,NULL,NO,NULL
2465,2345,6/5/2015,SI,25,NO,NULL,NO,NULL
2466,2354,7/6/2015,SI,35,SI,25,NO,NULL
2466,2354,6/16/2015,SI,35,NO,NULL,SI,65
2467,2352,7/2/2015,SI,50,NO,NULL,NO,NULL
2467,2352,6/7/2015,SI,30,NO,NULL,NO,NULL
2467,2352,6/12/2015,NO,NULL,NO,NULL,SI,40
2469,2349,6/23/2015,NO,NULL,NO,NULL,SI,40
2470,2346,7/6/2015,SI,40,NO,NULL,NO,NULL
2470,2346,6/15/2015,SI,60,NO,NULL,NO,NULL
2470,2346,6/11/2015,SI,20,NO,NULL,NO,NULL
2470,2346,7/6/2015,NO,NULL,NO,NULL,SI,50
2471,2346,6/15/2015,SI,70,NO,NULL,NO,NULL
2471,2346,6/11/2015,SI,30,NO,NULL,NO,NULL
2471,2346,7/6/2015,NO,NULL,NO,NULL,SI,45
2471,2346,7/6/2015,SI,30,NO,NULL,NO,NULL
2472,2355,6/28/2015,SI,30,NO,NULL,NO,NULL
2472,2355,6/21/2015,SI,25,NO,NULL,NO,NULL
2472,2355,6/10/2015,SI,37,NO,NULL,NO,NULL
2472,2355,7/6/2015,NO,NULL,NO,NULL,SI,75
2473,2348,7/4/2015,SI,40,NO,NULL,NO,NULL
2473,2348,6/24/2015,NO,NULL,NO,NULL,SI,40
2473,2348,6/3/2015,NO,NULL,NO,NULL,SI,60
2474,2347,6/23/2015,SI,40,NO,NULL,NO,NULL
2474,2347,6/16/2015,SI,50,NO,NULL,NO,NULL
2474,2347,6/6/2015,SI,20,NO,NULL,NO,NULL
2474,2347,6/6/2015,NO,NULL,NO,NULL,SI,40
2501,2355,6/29/2015,SI,65,NO,NULL,NO,NULL
2501,2355,6/19/2015,SI,35,NO,NULL,NO,NULL
2501,2355,6/9/2015,SI,35,NO,NULL,NO,80
2506,2371,5/26/2015,SI,20,NO,NULL,NO,NULL
2506,2371,6/26/2015,SI,30,NO,NULL,NO,NULL
2506,2371,6/20/2015,SI,40,NO,NULL,NO,NULL
2506,2371,6/9/2015,SI,35,NO,NULL,NO,NULL
2506,2371,6/3/2015,SI,35,NO,NULL,NO,NULL
2507,2372,6/14/2015,NO,NULL,SI,25,NO,NULL
2507,2372,6/6/2015,SI,20,NO,NULL,NO,NULL
2507,2372,6/4/2015,NO,NULL,NO,NULL,SI,60
2508,2374,6/29/2015,SI,25,SI,20,NO,NULL
2508,2374,6/18/2015,NO,NULL,NO,NULL,SI,60
2508,2374,6/13/2015,SI,40,NO,NULL,NO,NULL
2508,2374,6/3/2015,SI,35,NO,NULL,NO,NULL
2510,2374,6/19/2015,NO,NULL,NO,NULL,SI,70
2510,2374,6/14/2015,SI,30,NO,NULL,NO,NULL
2510,2374,7/7/2015,SI,30,SI,20,NO,NULL
2510,2374,6/27/2015,SI,25,NO,NULL,NO,NULL
2510,2374,6/21/2015,SI,35,NO,NULL,NO,NULL
2511,2375,6/16/2015,SI,20,NO,NULL,SI,75
2511,2375,6/15/2015,SI,45,NO,NULL,NO,NULL
2512,2375,5/20/2015,SI,20,NO,NULL,SI,65
2535,2375,6/21/2015,SI,25,NO,NULL,SI,60
2536,2355,6/10/2015,SI,30,NO,NULL,NO,NULL
2536,2355,7/6/2015,NO,NULL,NO,NULL,SI,75
2536,2355,6/28/2015,SI,30,NO,NULL,NO,NULL
2539,2343,6/16/2015,NO,NULL,NO,NULL,SI,20
2540,2340,5/26/2015,SI,10,NO,NULL,SI,3
2545,1983,7/4/2015,NO,NULL,SI,5,NO,NULL
2545,1983,6/24/2015,SI,20,NO,NULL,NO,NULL
2545,1983,6/12/2015,SI,40,NO,NULL,NO,NULL
2550,2393,6/11/2015,SI,70,NO,NULL,NO,NULL
2560,2398,5/26/2015,SI,30,NO,NULL,SI,40
2561,2400,5/16/2015,SI,20,NO,NULL,NO,NULL
2573,2402,6/18/2015,SI,35,NO,NULL,SI,50
2573,2402,5/21/2015,NO,NULL,NO,NULL,SI,85
2577,2403,7/17/2015,SI,15,NO,NULL,NO,NULL
2577,2403,7/3/2015,SI,45,NO,NULL,NO,NULL
2577,2403,6/18/2015,SI,27,NO,NULL,NO,NULL
2577,2403,7/3/2015,NO,NULL,NO,NULL,SI,45
2579,2404,6/11/2015,SI,40,NO,NULL,NO,NULL
2579,2404,6/3/2015,SI,25,NO,NULL,NO,NULL
2579,2404,6/30/2015,NO,NULL,NO,NULL,SI,35
2609,2420,7/7/2015,NO,NULL,NO,NULL,SI,70
2609,2420,7/5/2015,SI,30,NO,NULL,NO,NULL
2609,2420,6/24/2015,SI,25,NO,NULL,NO,NULL
2609,2420,6/10/2015,SI,35,NO,NULL,NO,NULL
2609,2420,6/4/2015,SI,35,NO,NULL,NO,NULL
2635,2420,7/14/2015,NO,NULL,NO,NULL,SI,65
2635,2420,7/5/2015,SI,20,NO,NULL,NO,NULL
2635,2420,6/24/2015,SI,30,NO,NULL,NO,NULL
2635,2420,6/10/2015,SI,35,NO,NULL,NO,NULL
2636,2422,7/4/2015,NO,NULL,NO,NULL,SI,65
2636,2422,6/28/2015,SI,26,NO,NULL,NO,NULL
2636,2422,6/18/2015,SI,30,NO,NULL,NO,NULL
2636,2422,6/8/2015,SI,40,NO,NULL,NO,NULL
2637,2422,6/28/2015,SI,25,NO,NULL,NO,NULL
2637,2422,6/18/2015,SI,40,NO,NULL,SI,50
2637,2422,6/8/2015,SI,30,NO,NULL,NO,NULL
2637,2422,6/3/2015,SI,35,NO,NULL,NO,NULL
2641,2423,6/26/2015,NO,NULL,SI,20,NO,NULL
2641,2423,6/23/2015,NO,NULL,NO,NULL,SI,70
2641,2423,6/16/2015,SI,30,NO,NULL,NO,NULL
2641,2423,6/5/2015,SI,40,NO,NULL,NO,NULL
2641,2423,5/26/2015,SI,25,NO,NULL,NO,NULL
2643,2425,6/20/2015,SI,30,NO,NULL,NO,NULL
2643,2425,6/5/2015,SI,30,NO,NULL,SI,75
2661,2432,7/7/2015,SI,30,SI,20,NO,NULL
2662,2433,6/29/2015,SI,20,NO,NULL,SI,75
2663,2434,6/10/2015,SI,25,NO,NULL,SI,60
2666,2434,6/21/2015,SI,20,NO,NULL,SI,65
2666,2434,6/11/2015,SI,25,NO,NULL,NO,NULL
2668,2434,6/8/2015,SI,25,NO,NULL,SI,60
2669,2437,6/19/2015,SI,30,NO,NULL,NO,NULL
2669,2437,6/6/2015,SI,35,NO,NULL,NO,NULL
2669,2437,5/30/2015,SI,40,NO,NULL,NO,NULL
2669,2437,6/29/2015,SI,25,SI,20,NO,NULL
2669,2437,6/24/2015,NO,NULL,NO,NULL,SI,65
2675,2440,6/13/2015,NO,NULL,SI,15,NO,NULL
2675,2440,6/6/2015,NO,NULL,NO,NULL,SI,50
2675,2440,5/30/2015,SI,25,NO,NULL,NO,NULL
2675,2440,5/15/2015,SI,20,NO,NULL,NO,NULL
2675,2440,5/3/2015,SI,10,NO,NULL,SI,80
2678,2443,5/28/2015,SI,20,NO,NULL,SI,60
2678,2443,5/12/2015,NO,NULL,NO,NULL,SI,90
2679,2444,5/1/2015,SI,15,NO,NULL,SI,75
2679,2444,6/7/2015,SI,30,SI,25,NO,NULL
2679,2444,5/25/2015,NO,NULL,NO,NULL,SI,65
2679,2444,5/20/2015,SI,35,NO,NULL,NO,NULL
2679,2444,5/13/2015,SI,25,NO,NULL,NO,NULL
2680,2444,6/7/2015,NO,NULL,SI,22,NO,NULL
2680,2444,5/26/2015,NO,NULL,NO,NULL,SI,70
2680,2444,5/13/2015,SI,30,NO,NULL,NO,NULL
2680,2444,5/1/2015,SI,40,NO,NULL,SI,80
2681,2445,6/29/2015,NO,NULL,NO,NULL,SI,68
2681,2445,6/26/2015,SI,35,NO,NULL,NO,NULL
2681,2445,6/7/2015,NO,NULL,NO,NULL,SI,80
2681,2445,7/4/2015,SI,25,SI,15,NO,NULL
2687,2447,6/30/2015,NO,NULL,NO,NULL,SI,50
2688,2448,6/28/2015,NO,NULL,NO,NULL,SI,70
2688,2448,6/14/2015,SI,30,NO,NULL,NO,NULL
2690,2450,6/19/2015,NO,NULL,NO,NULL,SI,75
2690,2450,6/29/2015,NO,NULL,SI,35,NO,NULL
2693,2451,5/6/2015,SI,50,NO,NULL,NO,NULL
2693,2451,5/10/2015,NO,NULL,NO,NULL,SI,55
2694,2452,6/16/2015,NO,NULL,NO,NULL,SI,60
2716,2456,6/17/2015,SI,30,NO,NULL,NO,NULL
2716,2456,6/22/2015,NO,NULL,NO,NULL,SI,55
2718,2457,6/22/2015,NO,NULL,NO,NULL,SI,60
2718,2457,6/9/2015,SI,65,NO,NULL,NO,NULL
2719,2459,6/29/2015,SI,36,NO,NULL,NO,NULL
2719,2459,6/24/2015,NO,NULL,NO,NULL,SI,65
2721,2461,6/13/2015,NO,NULL,NO,NULL,SI,65
2722,2462,6/18/2015,NO,NULL,NO,NULL,SI,50
2722,2462,6/27/2015,SI,35,NO,NULL,NO,NULL
2723,2463,6/29/2015,SI,30,SI,25,NO,NULL
2723,2463,6/14/2015,SI,35,NO,NULL,NO,NULL
2723,2463,6/9/2015,NO,NULL,NO,NULL,SI,60
2723,2463,5/29/2015,SI,40,NO,NULL,NO,NULL
2733,2481,5/18/2015,SI,20,NO,NULL,SI,60
2733,2481,6/26/2015,NO,NULL,NO,NULL,SI,28
2735,2482,6/18/2015,SI,30,NO,NULL,NO,NULL
2735,2482,6/14/2015,NO,NULL,NO,NULL,SI,65
2735,2482,6/10/2015,SI,30,NO,NULL,NO,NULL
2735,2482,6/3/2015,SI,40,NO,NULL,NO,75
2736,2472,5/29/2015,SI,70,NO,NULL,NO,NULL
2739,2466,5/26/2015,SI,50,NO,NULL,NO,NULL
2740,2465,6/17/2015,SI,40,NO,NULL,NO,NULL
2746,2464,6/30/2015,SI,60,NO,NULL,NO,NULL
2749,2467,5/29/2015,SI,50,NO,NULL,NO,NULL
2757,2475,6/5/2015,SI,30,NO,NULL,NO,NULL
2762,2476,5/29/2015,NO,NULL,NO,NULL,SI,50
2766,2477,6/2/2015,SI,50,NO,NULL,NO,NULL
2767,2478,5/23/2015,SI,40,NO,NULL,NO,NULL
2771,2070,6/5/2015,SI,28,NO,NULL,NO,NULL
2772,2071,7/7/2015,NO,NULL,NO,NULL,SI,65
2772,2071,6/24/2015,SI,30,SI,20,NO,NULL
2773,2124,5/20/2015,SI,20,NO,NULL,SI,85
2773,2124,6/24/2015,NO,NULL,NO,NULL,SI,65
2774,2490,6/28/2015,NO,NULL,SI,20,NO,NULL
2774,2490,6/15/2015,NO,NULL,NO,NULL,SI,65
2774,2490,6/9/2015,SI,20,NO,NULL,NO,NULL
2774,2490,5/18/2015,SI,15,NO,NULL,SI,80
2775,2490,6/16/2015,NO,NULL,NO,NULL,SI,65
2775,2490,6/28/2015,NO,NULL,SI,15,NO,NULL
2778,2491,4/14/2015,SI,10,NO,NULL,NO,NULL
2778,2491,4/5/2015,SI,10,NO,NULL,NO,NULL
2778,2491,4/24/2015,SI,5,NO,NULL,NO,NULL
2849,2563,3/31/2016,SI,23,SI,23,SI,23
2860,2571,6/1/2015,SI,25,SI,15,SI,20
2862,2573,5/28/2015,SI,10,SI,30,SI,15
2863,2574,5/28/2015,SI,27,SI,15,SI,20
2864,2575,5/30/2015,SI,13,SI,25,SI,10
2865,2576,5/27/2015,SI,10,NO,NULL,SI,20
2866,2577,5/30/2015,NO,NULL,NO,NULL,SI,28
2867,2578,6/18/2015,SI,24,NO,NULL,SI,20
2870,2592,12/20/2015,NO,NULL,SI,20,NO,NULL
2871,2582,6/9/2015,SI,2,NO,NULL,NO,NULL
2873,2580,6/6/2015,SI,15,NO,NULL,NO,NULL
2877,41,10/8/2015,NO,NULL,NO,NULL,SI,20
2877,41,10/15/2015,NO,NULL,SI,1,NO,NULL
2877,41,9/17/2015,SI,20,NO,NULL,NO,NULL
2878,549,10/10/2015,NO,NULL,NO,NULL,SI,30
2878,549,11/4/2015,NO,NULL,SI,1,NO,NULL
2878,549,10/2/2015,SI,20,NO,NULL,NO,NULL
2880,2593,9/28/2015,NO,NULL,NO,NULL,SI,15
2880,2593,10/18/2015,NO,NULL,SI,1,NO,NULL
2880,2593,10/27/2015,SI,20,NO,NULL,NO,NULL
2881,2594,11/25/2015,NO,NULL,SI,1,NO,NULL
2881,2594,11/15/2015,NO,NULL,SI,1,NO,NULL
2881,2594,10/28/2015,NO,NULL,NO,NULL,SI,30
2881,2594,10/10/2015,SI,20,NO,NULL,NO,NULL
2882,757,11/15/2015,NO,NULL,SI,1,NO,NULL
2882,757,10/5/2015,SI,10,NO,NULL,NO,NULL
2882,757,10/25/2015,NO,NULL,NO,NULL,SI,10
2883,2595,10/5/2015,NO,NULL,NO,NULL,SI,10
2883,2595,10/20/2015,NO,NULL,SI,1,NO,NULL
2883,2595,9/18/2015,SI,5,NO,NULL,NO,NULL
2884,759,10/22/2015,NO,NULL,SI,1,NO,NULL
2884,759,11/12/2015,NO,NULL,NO,NULL,SI,10
2884,759,10/10/2015,SI,15,NO,NULL,NO,NULL
2885,447,10/23/2015,NO,NULL,SI,1,NO,NULL
2885,447,10/12/2015,SI,30,NO,NULL,NO,NULL
2885,447,10/23/2015,NO,NULL,NO,NULL,SI,20
2886,2587,5/8/2015,SI,30,NO,NULL,NO,NULL
2888,2585,6/8/2015,SI,30,NO,NULL,NO,NULL
2890,2588,6/1/2015,SI,40,NO,NULL,NO,NULL
2891,2606,6/11/2015,SI,12,NO,NULL,SI,25
2892,2612,6/4/2015,SI,28,NO,NULL,SI,25
2893,2598,5/19/2015,SI,35,NO,NULL,NO,NULL
2895,2599,6/2/2015,NO,NULL,NO,NULL,SI,30
2896,2604,5/15/2015,NO,NULL,NO,NULL,NO,NULL
2898,2607,5/19/2015,SI,30,NO,NULL,NO,NULL
2901,2609,5/16/2015,SI,25,NO,NULL,NO,NULL
2902,2605,5/20/2015,SI,40,NO,NULL,NO,NULL
2903,2592,3/19/2015,SI,5,SI,4,SI,35
2903,2592,3/2/2015,SI,5,NO,NULL,SI,30
2906,2617,3/17/2016,NO,NULL,NO,NULL,SI,10
2907,2618,1/14/2015,SI,40,NO,NULL,NO,NULL
2910,2622,5/22/2015,SI,35,NO,NULL,SI,30
2911,2619,12/9/2015,SI,20,NO,NULL,NO,NULL
2912,2614,1/7/2016,NO,NULL,NO,NULL,NO,NULL
2917,2605,5/9/2015,SI,20,NO,NULL,NO,NULL
2921,2601,5/19/2015,SI,20,NO,NULL,NO,NULL
2937,2629,6/16/2015,SI,30,NO,NULL,NO,NULL
2944,2648,6/15/2015,SI,25,NO,NULL,NO,NULL
2948,2644,6/4/2015,SI,25,NO,NULL,NO,NULL
2953,2640,6/3/2015,SI,25,NO,NULL,NO,NULL
2954,2641,6/8/2015,SI,30,NO,NULL,NO,NULL
2990,2670,6/19/2015,SI,35,NO,NULL,NO,NULL
3025,2704,9/12/2015,SI,20,NO,NULL,NO,NULL
3025,2704,9/2/2015,SI,10,NO,NULL,NO,NULL
3026,2613,8/21/2015,SI,30,NO,NULL,NO,NULL
3032,2703,9/4/2015,SI,10,NO,NULL,NO,NULL
3033,2692,9/22/2015,SI,25,NO,NULL,NO,NULL
3036,2710,9/20/2015,NO,NULL,NO,NULL,SI,20
3036,2710,10/18/2015,NO,NULL,SI,1,NO,NULL
3036,2710,9/10/2015,SI,10,NO,NULL,NO,NULL
3037,2295,9/23/2015,NO,NULL,NO,NULL,SI,65
3049,2721,10/11/2015,NO,NULL,NO,NULL,SI,20
3049,2721,10/25/2015,NO,NULL,SI,1,NO,NULL
3049,2721,10/2/2015,SI,20,NO,NULL,NO,NULL
3069,387,4/7/2015,NO,NULL,NO,NULL,SI,10
3071,453,10/5/2015,SI,10,NO,NULL,NO,NULL
3071,453,10/10/2015,NO,NULL,NO,NULL,SI,5
3071,453,10/15/2015,NO,NULL,SI,1,NO,NULL
3103,2766,10/14/2015,NO,NULL,NO,NULL,SI,25
3103,2766,10/2/2015,SI,20,NO,NULL,NO,NULL
3106,2767,10/15/2015,SI,20,NO,NULL,SI,20
3107,2768,11/15/2015,SI,20,NO,NULL,NO,NULL
3107,2768,11/10/2015,NO,NULL,NO,NULL,SI,20
3108,2770,11/15/2015,NO,NULL,NO,NULL,SI,25
3108,2770,11/20/2015,SI,20,NO,NULL,NO,NULL
3108,2770,11/15/2015,NO,NULL,NO,NULL,SI,25
3122,2779,10/17/2015,NO,NULL,NO,NULL,SI,25
3122,2779,10/8/2015,SI,15,NO,NULL,NO,NULL
3123,2769,10/13/2015,SI,20,NO,NULL,NO,NULL
3123,2769,10/5/2015,NO,NULL,NO,NULL,SI,18
3124,2780,9/27/2015,SI,25,NO,NULL,NO,NULL
3124,2780,9/20/2015,NO,NULL,NO,NULL,SI,15
3125,2781,10/26/2015,NO,NULL,NO,NULL,SI,15
3125,2781,10/17/2015,SI,20,NO,NULL,NO,NULL
3132,2617,4/7/2016,NO,NULL,NO,NULL,SI,5
3134,2792,9/26/2015,SI,15,NO,NULL,SI,25
3135,2793,10/20/2015,SI,20,NO,NULL,SI,20
3277,2901,11/18/2015,SI,25,NO,NULL,NO,NULL
3277,2901,11/5/2015,SI,30,NO,NULL,NO,NULL
3278,2901,10/28/2015,SI,30,NO,NULL,NO,NULL
3278,2901,10/12/2015,SI,25,NO,NULL,NO,NULL
3280,2903,10/25/2015,NO,NULL,NO,NULL,SI,40
3296,1524,4/30/2016,SI,15,NO,NULL,NO,NULL
3299,2911,11/8/2015,SI,30,NO,NULL,SI,25
3352,3000,4/22/2016,SI,5,SI,2,NO,NULL
3354,3050,4/11/2016,SI,3,SI,2,SI,2
3355,3051,6/7/2016,SI,5,SI,2,SI,5
3356,3052,3/26/2016,SI,8,NO,NULL,NO,NULL
3357,3070,4/14/2016,SI,2,NO,NULL,NO,NULL
3358,3072,3/10/2016,SI,5,NO,NULL,NO,NULL
3359,3073,3/8/2016,SI,0,NO,NULL,NO,NULL
3360,3074,4/6/2016,NO,NULL,NO,NULL,NO,NULL
3361,3075,3/26/2016,SI,6,SI,2,NO,NULL
3362,3076,5/18/2016,SI,5,SI,2,NO,NULL
3363,3077,3/21/2016,SI,5,SI,2,NO,NULL
3364,3078,3/14/2016,SI,5,SI,2,NO,NULL
3365,3084,3/28/2016,SI,5,SI,1,SI,6
3366,3085,3/10/2016,SI,2,SI,1,NO,NULL
3368,3087,4/15/2016,SI,2,NO,NULL,NO,NULL
3369,3088,4/26/2016,SI,3,NO,NULL,NO,NULL
3370,3095,3/15/2016,SI,5,NO,NULL,NO,NULL
3371,3096,5/20/2016,SI,5,SI,1,NO,NULL
3371,3096,5/12/2016,SI,5,NO,NULL,NO,NULL
3372,3097,4/29/2016,SI,5,SI,1,NO,NULL
3373,3098,4/6/2016,SI,5,NO,NULL,SI,3
3373,3098,3/28/2016,SI,5,SI,2,SI,3
3374,3099,3/24/2016,SI,3,NO,NULL,NO,NULL
3374,3099,4/5/2016,SI,5,NO,NULL,NO,NULL
3376,3111,5/4/2016,SI,5,SI,2,SI,3
3376,3111,4/19/2016,SI,3,NO,NULL,NO,NULL
3411,3436,4/19/2016,SI,12,NO,NULL,NO,NULL
3411,3436,4/11/2016,SI,20,NO,NULL,SI,30
3416,3438,5/7/2016,SI,15,NO,NULL,NO,NULL
3416,3438,4/22/2016,NO,NULL,NO,NULL,SI,40
3416,3438,4/22/2016,SI,12,NO,NULL,NO,NULL
3417,3439,4/23/2016,SI,12,NO,NULL,NO,NULL
3417,3439,4/13/2016,SI,7,NO,NULL,SI,50
3418,3440,4/18/2016,SI,14,NO,NULL,NO,NULL
3418,3440,4/3/2016,NO,NULL,NO,NULL,SI,70
3419,3123,5/4/2016,SI,5,SI,3,SI,5
3420,3441,5/4/2016,SI,15,NO,NULL,NO,NULL
3420,3441,4/2/2016,NO,NULL,NO,NULL,SI,35
3420,3441,4/25/2016,SI,12,NO,NULL,NO,NULL
3421,3442,4/19/2016,SI,14,NO,NULL,SI,15
3422,3443,4/23/2016,SI,16,NO,NULL,SI,20
3423,3444,5/1/2016,NO,NULL,NO,NULL,SI,60
3423,3444,4/17/2016,NO,NULL,NO,NULL,SI,40
3423,3444,4/11/2016,SI,12,NO,NULL,NO,NULL
3424,3445,4/3/2016,SI,12,NO,NULL,SI,50
3425,3446,5/2/2016,SI,12,NO,NULL,SI,40
3426,3447,5/4/2016,NO,NULL,NO,NULL,SI,50
3426,3447,4/21/2016,NO,NULL,NO,NULL,SI,30
3427,3448,4/25/2016,SI,13,NO,NULL,NO,NULL
3427,3448,4/18/2016,NO,NULL,NO,NULL,SI,40
3427,3448,4/15/2016,SI,12,NO,NULL,NO,NULL
3428,3455,4/28/2016,SI,10,NO,NULL,NO,NULL
3428,3455,4/13/2016,SI,14,NO,NULL,SI,20
3431,3456,5/2/2016,SI,13,NO,NULL,NO,NULL
3431,3456,4/15/2016,NO,NULL,NO,NULL,SI,40
3431,3456,4/13/2016,SI,10,NO,NULL,NO,NULL
3432,3457,4/15/2016,NO,NULL,NO,NULL,SI,50
3432,3457,4/28/2016,SI,12,NO,NULL,NO,NULL
3432,3457,4/15/2016,SI,10,NO,NULL,NO,NULL
3433,3458,5/15/2016,NO,NULL,NO,NULL,SI,40
3433,3458,4/29/2016,SI,12,NO,NULL,NO,NULL
3433,3458,4/14/2016,SI,17,NO,NULL,SI,40
3434,3459,4/25/2016,SI,14,NO,NULL,NO,NULL
3434,3459,4/15/2016,SI,13,NO,NULL,SI,45
3435,3460,4/17/2016,SI,15,NO,NULL,NO,NULL
3435,3460,4/1/2016,SI,10,NO,NULL,SI,40
3437,3461,4/14/2016,SI,12,NO,NULL,NO,NULL
3437,3461,4/3/2016,SI,15,NO,NULL,SI,60
3437,3461,4/25/2016,SI,14,NO,NULL,NO,NULL
3438,3463,5/9/2016,NO,NULL,NO,NULL,SI,50
3438,3463,4/17/2016,SI,14,NO,NULL,NO,NULL
3438,3463,4/7/2016,SI,15,NO,NULL,SI,60
3439,3464,4/28/2016,NO,NULL,NO,NULL,SI,60
3439,3464,4/14/2016,SI,12,NO,NULL,NO,NULL
3439,3464,3/30/2016,SI,15,NO,NULL,SI,50
3440,3465,5/16/2016,SI,14,NO,NULL,NO,NULL
3440,3465,5/1/2016,SI,15,NO,NULL,SI,50
3441,3466,4/14/2016,SI,12,NO,NULL,SI,50
3441,3466,4/25/2016,SI,13,NO,NULL,NO,NULL
3442,3467,4/20/2016,SI,12,NO,NULL,NO,NULL
3442,3467,3/31/2016,SI,12,NO,NULL,SI,50
3448,3132,5/4/2016,SI,5,SI,2,NO,NULL
3449,3135,3/10/2016,SI,5,NO,NULL,NO,NULL
3449,3135,3/4/2016,SI,6,NO,NULL,NO,NULL
3450,3136,5/2/2016,SI,3,SI,2,NO,NULL
3450,3136,4/22/2016,SI,3,NO,NULL,NO,NULL
3451,3133,1/25/2016,SI,6,NO,NULL,NO,NULL
3452,3472,4/28/2016,SI,15,NO,NULL,NO,NULL
3452,3472,4/19/2016,SI,12,NO,NULL,NO,NULL
3455,3474,4/22/2016,SI,15,NO,NULL,NO,NULL
3455,3474,4/13/2016,SI,12,NO,NULL,SI,40
3456,3134,5/11/2016,SI,5,NO,NULL,NO,NULL
3456,3134,4/26/2016,SI,2,SI,2,NO,NULL
3457,3475,9/15/2015,NO,NULL,NO,NULL,SI,20
3459,3477,5/20/2016,NO,NULL,NO,NULL,SI,50
3459,3477,4/14/2016,SI,12,NO,NULL,NO,NULL
3459,3477,3/29/2016,SI,16,NO,NULL,SI,50
3462,3479,4/21/2016,NO,NULL,NO,NULL,SI,60
3462,3479,4/18/2016,SI,13,NO,NULL,NO,NULL
3462,3479,4/7/2016,SI,13,NO,NULL,NO,NULL
3466,3483,9/23/2015,SI,10,NO,NULL,NO,NULL
3485,3496,5/6/2016,NO,NULL,NO,NULL,SI,40
3485,3496,4/27/2016,SI,13,NO,NULL,NO,NULL
3485,3496,4/17/2016,SI,12,NO,NULL,SI,40
3486,3497,5/6/2016,NO,NULL,NO,NULL,SI,60
3486,3497,4/28/2016,SI,12,NO,NULL,NO,NULL
3486,3497,4/14/2016,SI,15,NO,NULL,SI,40
3488,3499,4/28/2016,NO,NULL,NO,NULL,SI,50
3488,3499,4/25/2016,SI,11,NO,NULL,NO,NULL
3488,3499,4/15/2016,SI,9,NO,NULL,SI,50
3489,3500,5/2/2016,NO,NULL,NO,NULL,SI,45
3489,3500,4/25/2016,SI,13,NO,NULL,NO,NULL
3489,3500,4/14/2016,SI,15,NO,NULL,SI,40
3490,3501,4/29/2016,NO,NULL,NO,NULL,SI,50
3490,3501,4/19/2016,SI,12,NO,NULL,NO,NULL
3490,3501,4/3/2016,SI,15,NO,NULL,SI,50
3497,3124,4/6/2016,SI,5,NO,NULL,NO,NULL
3497,3124,3/21/2016,SI,4,NO,NULL,NO,NULL
3502,3129,3/26/2016,SI,4,SI,2,NO,NULL
3502,3129,3/26/2016,SI,5,NO,NULL,NO,NULL
3511,3118,4/28/2016,SI,5,SI,2,NO,NULL
3511,3118,4/18/2016,SI,5,NO,NULL,NO,NULL
3512,3119,4/28/2016,SI,4,NO,NULL,NO,NULL
3512,3119,4/19/2016,SI,4,NO,NULL,NO,NULL
3512,3119,5/23/2016,SI,4,NO,NULL,NO,NULL
3525,3122,4/15/2016,SI,4,SI,3,NO,NULL
3525,3122,4/4/2016,SI,3,NO,NULL,NO,NULL
3525,3122,3/30/2016,SI,3,NO,NULL,NO,NULL
3526,3121,6/10/2016,NO,NULL,NO,NULL,SI,8
3526,3121,5/31/2016,SI,4,NO,NULL,NO,NULL
3526,3121,5/23/2016,SI,4,NO,NULL,NO,NULL
3549,3035,3/21/2016,SI,5,NO,NULL,NO,NULL
3583,3580,5/6/2016,NO,NULL,NO,NULL,SI,50
3583,3580,4/18/2016,SI,10,NO,NULL,NO,NULL
3583,3580,4/7/2016,SI,15,NO,NULL,SI,60
3599,3581,5/11/2016,NO,NULL,NO,NULL,SI,40
3599,3581,4/11/2016,SI,12,NO,NULL,NO,NULL
3599,3581,4/1/2016,SI,13,NO,NULL,SI,40
3600,3582,4/28/2016,NO,NULL,NO,NULL,SI,50
3600,3582,4/13/2016,SI,14,NO,NULL,NO,NULL
3600,3582,3/28/2016,SI,15,NO,NULL,SI,50
3618,3597,4/12/2016,SI,15,NO,NULL,SI,50
3618,3597,5/9/2016,NO,NULL,NO,NULL,SI,45
3628,3598,5/15/2016,NO,NULL,NO,NULL,SI,50
3628,3598,4/19/2016,SI,15,NO,NULL,NO,NULL
3628,3598,4/4/2016,SI,13,NO,NULL,SI,60
3643,3600,5/13/2016,NO,NULL,NO,NULL,SI,60
3643,3600,4/19/2016,SI,14,NO,NULL,SI,50
3644,3147,5/12/2016,NO,NULL,SI,2,NO,NULL
3644,3147,4/22/2016,SI,5,NO,NULL,NO,NULL
3646,2948,3/28/2016,SI,2,SI,0,SI,3
3647,3602,5/8/2016,NO,NULL,NO,NULL,SI,50
3647,3602,4/12/2016,SI,15,NO,NULL,SI,40
3649,3155,4/21/2016,SI,3,NO,NULL,NO,NULL
3649,3155,4/16/2016,SI,2,NO,NULL,NO,NULL
3650,3603,5/11/2016,NO,NULL,NO,NULL,SI,60
3650,3603,4/14/2016,SI,14,NO,NULL,NO,NULL
3650,3603,3/31/2016,SI,12,NO,NULL,SI,50
3651,2947,4/27/2016,SI,4,SI,0,NO,NULL
3651,2947,4/22/2016,SI,4,NO,NULL,NO,NULL
3651,2947,4/14/2016,SI,3,NO,NULL,NO,NULL
3653,3604,5/9/2016,NO,NULL,NO,NULL,SI,60
3653,3604,4/19/2016,SI,12,NO,NULL,NO,NULL
3653,3604,4/8/2016,SI,14,NO,NULL,SI,50
3664,3609,5/13/2016,NO,NULL,NO,NULL,SI,50
3664,3609,4/19/2016,SI,12,NO,NULL,NO,NULL
3664,3609,4/5/2016,SI,14,NO,NULL,SI,60
3665,3610,5/15/2016,NO,NULL,NO,NULL,SI,60
3665,3610,4/20/2016,SI,11,NO,NULL,NO,NULL
3665,3610,4/1/2016,SI,13,NO,NULL,SI,60
3668,3612,5/9/2016,NO,NULL,NO,NULL,SI,60
3668,3612,4/13/2016,SI,10,NO,NULL,NO,NULL
3668,3612,3/28/2016,SI,15,NO,NULL,SI,60
3669,3613,4/4/2016,SI,12,NO,NULL,SI,50
3669,3613,4/17/2016,SI,10,NO,NULL,SI,40
3670,3614,4/14/2016,NO,NULL,NO,NULL,SI,50
3670,3614,3/31/2016,SI,10,NO,NULL,SI,50
3671,3615,5/19/2016,NO,NULL,NO,NULL,SI,60
3671,3615,4/15/2016,SI,12,NO,NULL,NO,NULL
3671,3615,3/28/2016,SI,13,NO,NULL,SI,60
3672,3616,5/10/2016,NO,NULL,NO,NULL,SI,60
3672,3616,4/15/2016,SI,12,NO,NULL,NO,NULL
3672,3616,4/1/2016,SI,14,NO,NULL,SI,50
3673,3617,4/20/2016,SI,12,NO,NULL,NO,NULL
3673,3617,4/4/2016,SI,14,NO,NULL,SI,60
3673,3617,5/13/2016,NO,NULL,NO,NULL,SI,60
3674,3618,5/8/2016,NO,NULL,NO,NULL,SI,40
3674,3618,4/14/2016,SI,13,NO,NULL,NO,NULL
3675,3619,5/11/2016,NO,NULL,NO,NULL,SI,60
3675,3619,4/14/2016,SI,12,NO,NULL,NO,NULL
3675,3619,4/4/2016,SI,13,NO,NULL,SI,60
3676,3621,5/29/2016,NO,NULL,NO,NULL,SI,50
3676,3621,4/10/2016,SI,12,NO,NULL,SI,30
3677,3622,5/2/2016,NO,NULL,NO,NULL,SI,60
3677,3622,3/23/2016,SI,12,NO,NULL,SI,60
3680,3625,4/12/2016,SI,13,NO,NULL,NO,NULL
3680,3625,5/9/2016,NO,NULL,NO,NULL,SI,60
3681,3634,4/14/2016,SI,14,NO,NULL,NO,NULL
3682,3635,4/12/2016,SI,12,NO,NULL,NO,NULL
3683,3643,5/10/2016,NO,NULL,NO,NULL,SI,50
3683,3643,4/15/2016,SI,12,NO,NULL,NO,NULL
3683,3643,4/3/2016,SI,12,NO,NULL,SI,60
3684,3644,5/17/2016,NO,NULL,NO,NULL,SI,60
3684,3644,4/15/2016,SI,12,NO,NULL,NO,NULL
3684,3644,4/3/2016,SI,13,NO,NULL,SI,50
3685,3645,4/22/2016,SI,13,NO,NULL,NO,NULL
3685,3645,4/2/2016,SI,13,NO,NULL,SI,50
3685,3645,5/19/2016,NO,NULL,NO,NULL,SI,60
3686,3649,5/23/2016,NO,NULL,NO,NULL,SI,60
3686,3649,4/14/2016,SI,10,NO,NULL,NO,NULL
3686,3649,4/1/2016,SI,15,NO,NULL,SI,60
3687,3651,5/22/2016,NO,NULL,NO,NULL,SI,60
3687,3651,4/17/2016,SI,10,NO,NULL,NO,NULL
3687,3651,4/3/2016,SI,13,NO,NULL,SI,60
3696,3677,4/7/2016,SI,13,NO,NULL,NO,NULL
3697,3678,4/13/2016,SI,14,NO,NULL,NO,NULL
3700,3093,4/5/2016,SI,3,SI,0,NO,NULL
3715,3715,4/17/2016,SI,12,NO,NULL,SI,50
3715,3715,3/28/2016,SI,14,NO,NULL,SI,60
3719,3716,5/15/2016,NO,NULL,NO,NULL,SI,60
3719,3716,4/15/2016,SI,12,NO,NULL,NO,NULL
3719,3716,4/1/2016,SI,14,NO,NULL,SI,50
3721,3764,5/25/2016,NO,NULL,NO,NULL,SI,50
3721,3764,4/22/2016,SI,10,NO,NULL,NO,NULL
3721,3764,4/4/2016,SI,15,NO,NULL,SI,45
3738,3794,5/25/2016,NO,NULL,NO,NULL,SI,50
3738,3794,4/1/2016,SI,14,NO,NULL,SI,60
3752,3798,3/28/2016,SI,15,NO,NULL,SI,60
3752,3798,5/16/2016,NO,NULL,NO,NULL,SI,60
3752,3798,4/13/2016,SI,11,NO,NULL,NO,NULL
3754,3799,5/20/2016,NO,NULL,NO,NULL,SI,50
3754,3799,4/19/2016,SI,14,NO,NULL,NO,NULL
3754,3799,3/30/2016,SI,13,NO,NULL,SI,50
3756,3800,4/14/2016,SI,12,NO,NULL,NO,NULL
3756,3800,4/5/2016,SI,2,NO,NULL,SI,60
3763,3804,5/23/2016,NO,NULL,NO,NULL,SI,60
3763,3804,4/19/2016,SI,10,NO,NULL,NO,NULL
3763,3804,3/31/2016,SI,15,NO,NULL,SI,50
3789,3831,3/28/2016,SI,15,NO,NULL,NO,NULL
3789,3831,5/6/2016,NO,NULL,NO,NULL,SI,60
3796,3835,5/11/2016,NO,NULL,NO,NULL,SI,60
3796,3835,4/15/2016,SI,13,NO,NULL,SI,50
3797,3687,4/14/2016,SI,10,NO,NULL,NO,NULL
3797,3687,3/29/2016,SI,14,NO,NULL,SI,50
3801,3462,4/17/2016,SI,10,NO,NULL,NO,NULL
3801,3462,3/29/2016,SI,15,NO,NULL,SI,65
3822,3863,5/16/2016,NO,NULL,NO,NULL,SI,50
3822,3863,4/12/2016,SI,10,NO,NULL,NO,NULL
3822,3863,3/28/2016,SI,14,NO,NULL,SI,40
3823,3869,4/11/2016,SI,12,NO,NULL,NO,NULL
3823,3869,4/1/2016,SI,14,NO,NULL,SI,60
3827,3870,4/13/2016,NO,NULL,NO,NULL,SI,50
3827,3870,3/28/2016,SI,12,NO,NULL,NO,NULL
3831,3871,4/4/2016,SI,12,NO,NULL,NO,NULL
3839,2946,5/20/2016,SI,3,NO,NULL,NO,NULL
3844,3880,4/15/2016,SI,13,NO,NULL,NO,NULL
3844,3880,3/28/2016,NO,NULL,NO,NULL,SI,60
3845,3881,4/13/2016,SI,10,NO,NULL,NO,NULL
3846,3882,5/9/2016,NO,NULL,NO,NULL,SI,60
3846,3882,4/18/2016,SI,13,NO,NULL,NO,NULL
3892,4408,4/12/2016,SI,10,NO,NULL,NO,NULL
3892,4408,3/28/2016,NO,NULL,NO,NULL,SI,60
3904,4410,4/24/2016,SI,12,NO,NULL,NO,NULL
3968,3465,5/18/2016,NO,NULL,NO,NULL,SI,50
3968,3465,4/15/2016,SI,13,NO,NULL,NO,NULL
3968,3465,3/31/2016,SI,12,NO,NULL,SI,60
3970,4445,5/5/2016,NO,NULL,NO,NULL,SI,60
3970,4445,4/12/2016,SI,10,NO,NULL,SI,50
3971,4456,4/13/2016,SI,10,NO,NULL,NO,NULL
3971,4456,3/29/2016,SI,12,NO,NULL,SI,50
3973,4457,5/18/2016,NO,NULL,NO,NULL,SI,60
3973,4457,4/14/2016,SI,10,NO,NULL,NO,NULL
3973,4457,3/30/2016,SI,12,NO,NULL,SI,50
3978,3605,4/14/2016,SI,13,NO,NULL,NO,NULL
3978,3605,3/29/2016,SI,12,NO,NULL,SI,50
3980,4511,5/23/2016,NO,NULL,NO,NULL,SI,60
3980,4511,4/4/2016,SI,12,NO,NULL,NO,NULL
3980,4511,4/3/2016,SI,10,NO,NULL,SI,50
4148,3798,4/14/2016,SI,10,NO,NULL,NO,NULL
4148,3798,3/26/2016,SI,14,NO,NULL,SI,50
4317,3611,5/5/2016,NO,NULL,NO,NULL,SI,60
4317,3611,4/15/2016,SI,13,NO,NULL,SI,40
4319,3478,4/12/2016,SI,12,NO,NULL,SI,30
4321,3473,4/13/2016,SI,13,NO,NULL,SI,40
4329,3596,4/13/2016,SI,12,NO,NULL,NO,NULL
4329,3596,3/29/2016,SI,14,NO,NULL,SI,50
4334,3498,4/15/2016,SI,12,NO,NULL,NO,NULL
4334,3498,3/30/2016,SI,14,NO,NULL,SI,60
4344,3480,3/29/2016,SI,15,NO,NULL,SI,60
4344,3480,4/12/2016,SI,10,NO,NULL,NO,NULL
4347,3872,4/21/2016,SI,14,NO,NULL,NO,NULL
4501,4790,6/14/2016,SI,31,NO,NULL,SI,18
4502,4834,6/10/2016,SI,30,NO,NULL,SI,25
4504,4835,7/15/2016,SI,20,SI,15,NO,NULL
4506,4835,6/8/2016,SI,27,NO,NULL,SI,20
4507,4835,6/4/2016,SI,20,SI,10,SI,25
4510,4835,5/28/2016,SI,20,NO,NULL,SI,20
4551,4767,6/5/2016,SI,15,NO,NULL,SI,20
4605,4710,6/1/2016,SI,25,NO,NULL,NO,NULL
4605,4710,6/23/2016,NO,NULL,NO,NULL,SI,28
4606,4709,5/25/2016,SI,15,NO,NULL,NO,NULL
4606,4709,6/8/2016,NO,NULL,NO,NULL,SI,20
4684,4681,5/18/2016,SI,10,NO,NULL,NO,NULL
4701,4694,10/12/2016,SI,1,NO,NULL,NO,NULL
4701,4694,9/30/2016,SI,1,NO,NULL,NO,NULL
4715,4643,4/11/2016,SI,0,NO,NULL,SI,2
4743,4651,4/15/2016,SI,0,NO,NULL,SI,10
